Job Title,Company Name,Location,Job Link
AWS Data Engineer,Revcloud,"Lahore, Punjab, Pakistan (Hybrid)",https://www.linkedin.com/jobs/view/3714610315/?eBP=CwEAAAGKwID4ho5LPRJYgD0VPaPxDrCMJ_pbz7uRleP_6gkUMGXwc2oXwtaLzbphgECvccG1lOXIXB1hnpktYN9wVt24CvaZizDm1IMP3xOVJgFvgUi4OMfFRowfwvWRHZmWwVzIy1nWUW4RNhJ9MzWkt2hPGB7CJ0AuLJd3m8YO4iBXiMWumSYWnCPTc-0W6fKrJSZ-fvW93XoPcRLkwycAnc_N4VkZyrNtngJo9pBv8QlMXkaMWjTGhVHgpi7ha4twYPZvjMm_5XZgtBSm4Rr2dMzbJ9vNRiLraUhuwNkABOU1YFgy5cnuh8JSK5p0RyoY8VGEBCZ6eu_48J3ptv_NqnGVHKuXkUMjg8YwSc3u8j7zDZGIbxkCt2IwmAS5Axk&refId=%2FnacsKUzjbCWekm1BTKqdA%3D%3D&trackingId=%2B6P6amGpjmT29IL0tMgXTw%3D%3D&trk=flagship3_search_srp_jobs
Information Technology Business Partner,Packages Group,"Lahore, Punjab, Pakistan (On-site)",https://www.linkedin.com/jobs/view/3702265210/?eBP=CwEAAAGKwID4hpuXRapRBwBdVykXYAOw0i55zvzYvn4HlaW-n6yl0by9D6OFjbGi-tXT25qgXL-UC0vHHHG7KBrsUkcEHsvIAakmhvYtQIr-8iHK_A-t_4jHsP4FhawPZr762OsWNif4gaqZYQxBUrq7X_acatkx27AMMxZMj_AzyN67QFoAdc-MOF85xWHx_aHS1zR25-jW96ulq1vHi1KAU5gh673_ABTd48Hzs-MS19sop-YwV10iE8Q8VoMBuWNaasAXeJgJ92eyYpgES6CV4VUqvIPyqhPAPwoFRgAHOvowgUssMk_twzqLRr8pudtcOB5DLltBqmeGvZ94bCm8R8HVvtyaURUl&refId=%2FnacsKUzjbCWekm1BTKqdA%3D%3D&trackingId=MsjypiPrDXs%2BPgnXKYDyqA%3D%3D&trk=flagship3_search_srp_jobs
Python System Engineer,Navigation and Communication Solutions Pvt Ltd,"Lahore, Punjab, Pakistan (On-site)",https://www.linkedin.com/jobs/view/3724294657/?eBP=CwEAAAGKwID4hrxzJ2VsJN2AYkRTu2b353TRgBx9qb0ZX6dtPWaywEzEvXXQuqIUThlmDGBUFZzowMRAaFf_XqoJW0k3pGDFLIezBI6nPJT4EHvhdom4iGPhfVUQYFkz8eHZRuZqGMA8_h-zTKZKB_OIaFV_vlp394wYt1XOex_rVpC1L2gbJFUqlGa97WWmGieCLS1ZvMAdMqW6wuLWH2bLtfoLUJsdjs05vGbxNXltnwfVutqgo58krk6Wjy-4loxEkhzqNWP4yDKxnM006gEU6gJsEaS5e77fKoBqoDLUslzH8nzF4gCVUZbOC9iSkji_Pt9me6Y-5YOI4wLnT2z1FEbTNJTVQNhF&refId=%2FnacsKUzjbCWekm1BTKqdA%3D%3D&trackingId=PU23McX6fXbG2XKLsECQzA%3D%3D&trk=flagship3_search_srp_jobs
Full Stack Engineer,Crexed,"Bahawalpur, Punjab, Pakistan (On-site)",https://www.linkedin.com/jobs/view/3716768494/?eBP=CwEAAAGKwID4hkH7ASqs3Q52GpRgJYC1AxNsQn8UJkqju-uf7t0nbapwnREhqt0KRgD5L1ra0ziTGZu2PQ29C4tSgqAYleYwurycug4oMoK20Hr7Z1rVJ4MVtLQscTUnc0iDNItdg7G4FhKqaUPKIIutBWKyYboE30VxvUQ_ynEC8dbv6fyM5PW8RPS1cMBwV3IGIZgS9FbZ79QwKt-3oPZvs99qQ0Eu9jjbrFcE2x7b5wNFxEw4ZNkbm4u5zBw0M67Zt3s96SRApk-Yj2QzVwN8RStli2ayQTi2WY33Qo4L_JxzpE6jTApq-_UyADTyA2FSWzdAqPVXm5K_br9o0vBV5fn_GhO_lIJu219VlbM6mWxLc9jUOvxWqD-rgOV40EopSw4fV5Jv8hH87gfjxrjpHTkZmkObUR6Qs9Hd&refId=%2FnacsKUzjbCWekm1BTKqdA%3D%3D&trackingId=xm6Puq6fYjAYo8GQseOvLg%3D%3D&trk=flagship3_search_srp_jobs
Data Specialist,Careem,"Karāchi, Sindh, Pakistan (Remote)",https://www.linkedin.com/jobs/view/3697310727/?eBP=JOB_SEARCH_ORGANIC&refId=%2FnacsKUzjbCWekm1BTKqdA%3D%3D&trackingId=K78lp4svDfp1O9Z1N5DdoQ%3D%3D&trk=flagship3_search_srp_jobs
Business Development Specialist,DotSinc,"Rahimyar Khan, Punjab, Pakistan (On-site)",https://www.linkedin.com/jobs/view/3713258514/?eBP=CwEAAAGKwID4hiPKJDfpML9uxfK3Dze3Vki95q8B57Lv2FqOM6ZiyQlz4KEUNmgqp6OJu-njVkQKUsNigKJZ62JKhxHCsvgYxdYnC2PsNKIQfE4YCD4TsCA8mwsC-cBrnv9CsL-q9mYBujAH6VA6a5mgumPISEVws_7ss_nqQgadBDbvk-zDERzZk3sqf-5xbKJD9V3t9tDsTgmf1Wr7F1ugQ6oNsDZoLDz6buv-MJgNOVJuruB7HgIbuPqejaS6EqzhcxPYJf7SyqFOjz76Jn7-QqK5-srZYPVGKR1Vnh78p9zXeteen6Ai-oKEhZZ3JZaK01PMjoFw0vvVxnAir2myA4bHpnPVSSTWYInBIPLH2Mz3aCml9lmw2iZuJcsyad6KmQiyHvdgn4uoKWPvKxv4YfPwDRfXRW-IhbeJEX4m&refId=%2FnacsKUzjbCWekm1BTKqdA%3D%3D&trackingId=%2FWz7AaZVuXCr9dY30NHJqw%3D%3D&trk=flagship3_search_srp_jobs
PPC Optimizer Role,Clicks Geek,Pakistan (Remote),https://www.linkedin.com/jobs/view/3664035954/?eBP=CwEAAAGKwID4hmDn2yWnZY_vTZynGJ3UVF5SyEuxjl1yeM7JwGD09cbGy9S382clCUHQNTuB-C0V3IeEksrm1qIiJI_KZNWOSvnv5SW-6gAgRNZzplmukCd_XxwuwUi1Z7cX1e9mhCUWiBFxWZqZE_AHGwXQvOfwXI3nzvkLJOwtiha5P0curFFAYP9ghVe1K3vwY2hThZdxjsjpnKf9twWiGWU8whv42KXLS263my1lx9HD47TFDHaiWU7WLjXqIT5HdUR-iAkNGJysE3xmm6G-FJ-Eef2_2TCeF0U5cz445WHVbW4TnN__d6E-2qMMkAx62LBuCWAByMJiG9gcswdsJWXNnGXAB86BNIIGIrAqdITBfixkQuxC1oI8qoU&refId=%2FnacsKUzjbCWekm1BTKqdA%3D%3D&trackingId=iNzg3VOoyN0RFPgWJBSf7Q%3D%3D&trk=flagship3_search_srp_jobs
Assistant Manager Research & Innovation,U Microfinance Bank Limited,"Islamabad, Islāmābād, Pakistan (On-site)",https://www.linkedin.com/jobs/view/3709383492/?eBP=CwEAAAGKwID4htX7skXEJzCc50l16cOaCmUiwWm406VYrw0TY7vEheLUKvDHFnwnSxBsQBQOiryv0PbABM156buuoJf-hVprDUfx85rQ_ijujuoJLgpZFlvVzIn2qUY4AQRYsUiBB0OG3iXxKDAFnncb2dwvzOCuKpVFb7RG-Pfqhxz0m2-1FE8waJIJhF5TjEqpd-w9d1RXDGBAryxApUrthuDelNsN8VMNqF2TX0c5vZk0Dh2Q2SMw1YCSq2I3Qkf2IyE3VmRl4z14TdyTsvDk2t9jMSl3ZOflLLRzZWml9MS0W_6OfVjt0UGcrKRmv5Obo621ObPz88RxRAVClH_Vn5HNecIMuSLt&refId=%2FnacsKUzjbCWekm1BTKqdA%3D%3D&trackingId=FbNKHwk2sJquMi25KsaJiQ%3D%3D&trk=flagship3_search_srp_jobs
Junior Writer,Grothico,"Karachi Division, Sindh, Pakistan (On-site)",https://www.linkedin.com/jobs/view/3713500850/?eBP=CwEAAAGKwID4hr1kyKydligErAdyxuxt44CcTVg7fjcbpbvGhzBKLnSVw829ftv4WG7hv06HmuVAqyHJdw5ZOikXCKQQr-bT9A_TBHGtyoxaAz8xjxSJ-eP3eV9EdIZ5pjYo0KDXqp4QqZLqZEgdWRkBn65b3KkSCQ9X_qD0nnuEH9ey8h4jc031SxuVq0QPqPbrd1C6rvxj3K4_FYC7vmR4kScF4FEmQiOOKzPGyzUn6PbH0MtP0rJRAOtsQkzvrvJA6YKuvpPU36bcygUbUkffecGO4pcJOpZh-Vt1RGTlnWGDYiP2t3VZX69uAgzLJVWqKZ7xr7tDnMeZcYIxvWKPafeI0eoLWqyHTjaNIEmxYq8S-DQylsEfkSuik4uS8UU&refId=%2FnacsKUzjbCWekm1BTKqdA%3D%3D&trackingId=KGWvtP96ROHYYLiBFXgKnA%3D%3D&trk=flagship3_search_srp_jobs
Business Development Specialist,PrismTeck,Pakistan (Remote),https://www.linkedin.com/jobs/view/3717257059/?eBP=CwEAAAGKwID4hmBWCIOvTBFD0sjcELcGBwcVn57G6YAmisysPKbLmu5ZAcXsphiIKc5z9vck56qaVq7D_mQbpNJxTN_CM8pTuYDcWGtnLI-0BtR8N2uTNidu25sARY32I5fKW1RuZyHWFtU1uCYZ9Q4omgZM8DQ_gJXdHFRIA8qw0ghKM8XixqSih1bbTwAwf5GAndSbnBfYPAtmRi5st5jJVQjehKOq16rt0UsPQBBiXnp_9V8z3YYrcAXDDoinOAmspZg_0I-V0r2p9dTBBBvVTzFPXhKb9-ggmAOgYWeWc50fU2WIVUA3pUoHsCX6PwN83TJTVuE5rGkrKxlQjF9eIGUKvuKVw_N7yw-uhol4dbrFh0S5Oo4a9M4IK9J8tKg&refId=%2FnacsKUzjbCWekm1BTKqdA%3D%3D&trackingId=IISxGwKJzR%2F3YuBLjqSQDw%3D%3D&trk=flagship3_search_srp_jobs
Paid Internship - Full Stack Engineer,Xref,"Lahore, Punjab, Pakistan (On-site)",https://www.linkedin.com/jobs/view/3723069470/?eBP=JOB_SEARCH_ORGANIC&refId=%2FnacsKUzjbCWekm1BTKqdA%3D%3D&trackingId=T9Vl7829QWsUJf5cMJHizQ%3D%3D&trk=flagship3_search_srp_jobs
Product Designer,o2Geeks,"Islamabad, Islāmābād, Pakistan (On-site)",https://www.linkedin.com/jobs/view/3716093084/?eBP=CwEAAAGKwID4hk-QlYD7nPTOj6Ob0PHiahRuE80joerS61pub8dfh2Q0g3XReWyvgkhg37Jyu4kDMaht5h1hLpITOZKjyIxeEIhBsLMvPXI5HATzLjZoWXRa9iDX_lru2Kxt5FO4GePNX_aA2luvqZPdNymQnNMu_RR30pJ4HUyQ1arNK_zc8AUWmBT3IASRB9q5etBz3u8R6fwvqLYo1KZZcRdPUauk5teOh-4V21kqWP_Un5oGeZm5j-hin2Ofrxe_ZQUlcbHbyLaDYVhIDdztmrDKSKyO9NYiMv1fO5CKm2vMIjMjNVZokBDQqUd1io3sBSi_aLAG8JB-QH4XBQIVmrWadb3O0o0e43vYxG8_XUDSwMua7ydNl3QxWxW451g7KK2nZRkEgNPtoNGmGdw1Ggz5PNoS3A0Ua7eJoQ&refId=%2FnacsKUzjbCWekm1BTKqdA%3D%3D&trackingId=K6QUjysXp4DEXxtLa2GNKA%3D%3D&trk=flagship3_search_srp_jobs
Business Development and Lead Generation Specialist,Roomy Technologies,"Islamabad, Islāmābād, Pakistan (On-site)",https://www.linkedin.com/jobs/view/3723240645/?eBP=CwEAAAGKwID4hibbzapYjpUMH2zAwh0a5Ahy3AlP2G3rZCDb_vLdQNQPr1YQ5FnFRFBidukGQNXYj6fMuXaFyZldEWGi3EQH1wztB6An5ZgrYTk_Rfw8oYk-lEVehSR0AtWWQfg-XirjjNjVX0PP5QUVZtEMl8gL8ycpMn_7rFiNQ69fDGNzyDKNU8HlGUHgKh98uiwPzRhzzxiENyRP4FufLAXvzYG2TB_h4gEtj0tWcQkAo_hhnuEk2IZQSFZzaozvi-JJi6v_mb0UxaWSSni1Z8mW7x6963NjMEUtsiEac4vFZLJxv4861HjpS5ZntZz4ePOyaE0y2bnddG1mG4NELZy8Rjo2Zs3Ck4jeuWu4BPP7UlzKY7-PoqCqTb8q1fU&refId=%2FnacsKUzjbCWekm1BTKqdA%3D%3D&trackingId=L6MdP44xAcRVjCqMFnxsSw%3D%3D&trk=flagship3_search_srp_jobs
Business Development Executive,COSMO,"Lahore, Punjab, Pakistan (On-site)",https://www.linkedin.com/jobs/view/3720787578/?eBP=CwEAAAGKwID4hwuNAjH1leo5jBPBh3UITM_i43s8H2PG_LDbPcDfA1eY8vpdFH-7OkdfFCvOYPbMf-l8Ow36jWA0vao7JY8bt0QVO2Be4l4LkvSs2YuNgydraJjpENhBDKg1uSWOOTNs_RopwGOS6yLTsqh5GFgnatudTyWfozsvkQgOsfrbYKWuBt7RMbPGnbhnbucDvfgeSXrScabulRkRfeH9bwFNu0zzFiGT0gd_qOPOzoWRntSNWkiK3VqkKEkI3U6IchYzVN-mB5QYlxCQUBkjiA41LMhX3hQWpTO-efiRk18YlJAFWBcyhIQhEdMEr0YJPGAMb-QhiXiio4XsSeSa8Dn1y2Y540TULdHQEDuiQ9tw1FEcOJvzhHd4cXMDnYfuwbFECQuHxkTRgjWUoHpuqTHbd7PVdBNp&refId=%2FnacsKUzjbCWekm1BTKqdA%3D%3D&trackingId=MhMGgbvTpA1wxSwAr702jw%3D%3D&trk=flagship3_search_srp_jobs
Conversion Specialist,Software Finder,"Lahore, Punjab, Pakistan (On-site)",https://www.linkedin.com/jobs/view/3714450193/?eBP=CwEAAAGKwID4h6nhSmAfWGB7bH_oFWofnAfdNwCoTrSjfYZi9bI0vPUaT4AdrxLbhRZ7GPcWgBmuyDaHuKUMvMl57gUYYuuGmEE6N5vk-97GkV5vgiESThjmUMuaxTAOJrqUL-S4kEFry-3F_yKyo47McF84taQ310fdbOsYH5B7Mlcl7TaBTn0MPWX2XGaljsUIN5J-KcS_G5dfDVF-qaFSwWllF-rsry4q4xmSlGlU1eRSGqOgNWUwf8F_FXPHhSKkoSSugpCskGQBK_ClMSAtOU3k_SrVDLU0o59iBwc005RrOrDdjG_-9NZVm5hU42GjI5bdMmjan89om_L3J3j0XwK7IVVWHvWigvlRX5OY-QLzIHxrjsr4phT2yhE-Vvs&refId=%2FnacsKUzjbCWekm1BTKqdA%3D%3D&trackingId=hZpDbnapozbU9M2JVVFRFw%3D%3D&trk=flagship3_search_srp_jobs
Lead Generation Specialist,TexaNEX,"Islāmābād, Pakistan (On-site)",https://www.linkedin.com/jobs/view/3724211830/?eBP=CwEAAAGKwID4h2s2OhfjZhkkWKD1N9aRY2OiBKEFH7isd8mNkaPLjxHJ3lB1NWnLlCaybZbtLwYtyECQRgPz5G8GydVtdb4lUD9tNDB3J0E8GPx0-8im9TE4LaG1TaTYd2RMQGt6ubyVvX5FInrqu6zMAoRUP4x3CBX0Sl4nUB6Mm4tHziwyge9m6cWwd8qqeASVrGosoW01XAIOP1mGb_h5KrDZ6cRJ6xajhurlw3FY3Z076ffsMQDa0STnj9wylfjgORZfjKo_yv0RkXhdsjd-zhI1LvbZSM30EAq14cbbl_sYZ9y3IuU_5TK8FmSlZEtHK36aSwP4Iu25HuCM2Z13MWIP1TKkfaj0hU9Ryhy8sVGOyCOaZT3915Q-lkANLgg&refId=%2FnacsKUzjbCWekm1BTKqdA%3D%3D&trackingId=HQRedqcXxE47Lx6c0BTYKw%3D%3D&trk=flagship3_search_srp_jobs
Internship: Commercial Operations Support - Lahore/Pakistan - start your career with us!,Medtronic,"Lahore, Punjab, Pakistan (On-site)",https://www.linkedin.com/jobs/view/3720915315/?eBP=JOB_SEARCH_ORGANIC&refId=%2FnacsKUzjbCWekm1BTKqdA%3D%3D&trackingId=U2MfLwVsG3HfrUm1d5EwmA%3D%3D&trk=flagship3_search_srp_jobs
Search Engine Optimization Specialist,Eazio,"Karāchi, Sindh, Pakistan (On-site)",https://www.linkedin.com/jobs/view/3709343273/?eBP=CwEAAAGKwID4h9vGY9Mzlzds0VXi007IudP_XUm03Clqj3LfewOWIcKefNOZtEbp4k_YfES0hoUFXmvvvBfw0p5UYOi1zhaweoX5-Caqx1WrEoraTMMrd-QqsuTMGxnfrfoKmnzDv0bCtraHN4sd_Ywbl7DuvB1xms3jY0fs69x18k3xJb6caom8tHbjdjmn2_da93zLh2PikWaCyod-3mIUrCLZ9_Zr1bBzrEczn9J74ndvOv8LKeNYvSLSYnvKC9_F80TEuRhOa0f3W92Tb_3KRAKFMiigIWDNvvdR20oaImYm9OCUMzudV-as3QzyzO6x2SO9TWXG6xRyS99U6j2NVUVHVljopm138sxH2QyLtuHTDScO3nqRg1_soLj4gmo&refId=%2FnacsKUzjbCWekm1BTKqdA%3D%3D&trackingId=PMmxa9%2B0nswZHFnaLLygDg%3D%3D&trk=flagship3_search_srp_jobs
Odoo Developer,Taleemabad,"Islāmābād, Pakistan (On-site)",https://www.linkedin.com/jobs/view/3717041081/?eBP=CwEAAAGKwID4h-Kb1SnTtT-kBz9wnW6S40NSsZBQi9P8e1eJNRclg86BE2TXi3Z-DptMJIfDuedS5dDauFj_HnkuxFUzo3tahBDFgLULgYF03OuEMUvsQxgF_rCLYmsTqEwiwYhg3hakY4edc98tQF_CnphcHcsUD8tsHubd8zixTGrUOoWcwmFDPgpqzc1d3exM3tL_xu8_5R9OKKn_b0ayfaTKalFvC5bZ1GSfjJooxz_fHJ_7eye7UI3aq_HyNG_OJLgbh89jh9J0Imu8cJtWsg22MsfHMphd1-ZO-3rcZIhJDZbn9BsHDLCAIaAnErMhs-E4yrqj3FycYLxBpPhjJwT_ePDpn_Q6XELS54YX7PdVT6a_8nUJD4EZHPx8NWI&refId=%2FnacsKUzjbCWekm1BTKqdA%3D%3D&trackingId=m1YioW0IGjOACPLzv9A20A%3D%3D&trk=flagship3_search_srp_jobs
Team Coordinator,Edge,"Islamabad, Islāmābād, Pakistan (Hybrid)",https://www.linkedin.com/jobs/view/3681037135/?eBP=CwEAAAGKwID4h6AwfH7b-PdUnaWiA9gthCuZyt_2S08EQCOgvkNiiIODFM4P16rlFGTHGK8YZ_tSil5C4LeDJzNZRgwvFe209XaV4pFzK51fg745d0T6BsUde2geZZ-GQsm--uYIj9eZOQwrR5BR2uv8J3FFEreMe79QefJJePHSScfCZVOVcH64TalM3uXB5R09M_C7ZxIceDn5UcJ-uOoz6ttcTeU8XgbJ5D3giQWcHSBiiY0brDJqHubTdcxQXI25NWy4f_SOkL9SqvTOFBvNoNJJkygg6YbITn9w2AUDBqIy7TJYA-hfCcIXPurXEnEJ4i6rm-lw2eatiNKrg5JRrxiJi94CGJm0HRwBq8t83zbfp2iQx2DydKk3feDUEJE&refId=%2FnacsKUzjbCWekm1BTKqdA%3D%3D&trackingId=n8o2FByYc9IuHDXrGQGi7Q%3D%3D&trk=flagship3_search_srp_jobs
Business Development Specialist,Montage Oil DMCC,"Lahore, Punjab, Pakistan (On-site)",https://www.linkedin.com/jobs/view/3709969601/?eBP=CwEAAAGKwID4h_1_0fyVPVFfIhVCNXfOYRYhMvxcWVoBpa-9KVXi4gF-Xdm4kQVUCJAbXtY3agIhSiLTjGyaICCoWgWzeH3fEeytbHj-gNIDRdZOwGZUMo3kQE7rCMhdv37HsXMFe4EoKtu21Hi5fX7WR7_loPqFg2KbdAYjnZwB30uHbjA4uXuoonR0FjVI_tK3AJCjaOf3sIhr3OnVUgDLpEE2wOf0f5_JhJKEtZ_zL1xIm1qyiJxVvRhcHHr4M9dL8bzYo-cYGPo4u81D7WWTqcpFLC88cKhpW4v1eTNppssMw_NCYcBBUHjDXGhTr_9t1QfKr8GeUDaxoEZBjegvZmicS8UR7zlNXAFy528UoVuyzZZEKMNjFrWcYqIftxk&refId=%2FnacsKUzjbCWekm1BTKqdA%3D%3D&trackingId=s%2Baoj1jKFLO8OBtXPVetUw%3D%3D&trk=flagship3_search_srp_jobs
Digital Marketing Manager,Furturbyte,"Karāchi, Sindh, Pakistan (On-site)",https://www.linkedin.com/jobs/view/3724213502/?eBP=CwEAAAGKwID4h0TBtO6GSCatmTojM_UxUq59T_H6_N5tmfog5aP8fSFnldCMLhCvzqet9UwmDR-pxPe3NrqWgiQqDhFfqbvRdD54hlPvk0H9Lx4nzxRSWR_cPk4nujZQOo4ZcLHGScD12u0805LvmIq-1w4FxjIgNcKVXewHdEtjTPkUVC0rd8snXJrOQtLPlKPTsVLPLOHEcsYQs3yRXDMkuHHCeebGgXLUlTNgTOEZ60BTjPN3VmRe5KzerhQMJqcQ85ZoCnwjDywZXbnAoyGejXmkUaEzUI5G9-cj4ivw1tfJDIKEDcyD2WQZw7m2NLHCbbCmvA69V3eYzWr5hlVt2I9esyGri8f3DwesBSe9gG7RM2Qy-9dnK68jQJ89AcM1tM9k9gWcUeygUKfFCnrQ1rhEEGHqTHAYtlNJHrrb&refId=%2FnacsKUzjbCWekm1BTKqdA%3D%3D&trackingId=S6%2FjuFG4X4eV3GfUou6RuA%3D%3D&trk=flagship3_search_srp_jobs
Pricing Analyst,Careem,"Karāchi, Sindh, Pakistan (Remote)",https://www.linkedin.com/jobs/view/3696365682/?eBP=JOB_SEARCH_ORGANIC&refId=%2FnacsKUzjbCWekm1BTKqdA%3D%3D&trackingId=6N4C0ntptmewFLRtVOSwdA%3D%3D&trk=flagship3_search_srp_jobs
Data Scientist,BAT,"Lahore, Punjab, Pakistan (Hybrid)",https://www.linkedin.com/jobs/view/3711625774/?eBP=CwEAAAGKwID4hwh3lfK2YPGu31_6i2N3JUB7vttVcuVEImdCbyICl9EVkluVdYWMlxHMcp-8N2x_60Ky8XMjhuI0svdG9-2_b8bJVPGvvZvQ851gupZ7qyVjpyt2jOfOqdf8L7_I2kH47CxJEAos2e9I2_y-WVBvVe1ezcSS3wqQt2xOVuAtJdURaoHw_RlRi0rEvv5Ww1Y5am_3uxpzIhZqi-JEu4mWzBd-oSNQspULKofWSaKv3L4a-aVLkNZJiGulDV7LmZBaZlqSIcNY4qxPgUDKSCL3rs_sCwvydF9KIntnupW1_6XQhJ2pAAdYV96hkcAih_1W31l9SVaGyEfi5NQiHUhWahdeio3uIOttj13VLIPDILIQYqwdahqGnDNYC3pAgYtnUis&refId=%2FnacsKUzjbCWekm1BTKqdA%3D%3D&trackingId=FAXfgT%2BE7LDgKcISPnEgsQ%3D%3D&trk=flagship3_search_srp_jobs
Customer Success,Clara Technologies,"Lahore, Punjab, Pakistan (On-site)",https://www.linkedin.com/jobs/view/3718625891/?eBP=CwEAAAGKwID4h3c1ouh6u82tMxNHUOSkD_EJCd6ThI6BTvP-0xe44orJ0Pz4J1WS1njZBm4sN1G2nDyZFAaqSlpbOBqtGaH4oR01ZH5tV7kNDVVabuzCqUdLI82u7R02pYxlTSzxTDyNSI7BMRGExu2M1HCgkXi1sUuOScRwMDmkNiK27OSGwD82VEcGzTC5V-w40ouZKxLgiexCCrq0x7EshKN0jqU3-ZuKL1vc1B70rCNy6a0AnbWoGjShCcIyhrN9OfhhUv0H3Z6mFCKPI9JtTTThQ4KIL48M0cR0gAV1LgCT9Jxff7fPekGnxID1lIXIrrYBOKawq-m4kfTviF580RoOFzPxcmkDwN4dQ3xSLdgIzemlS6szMtAXu4w&refId=%2FnacsKUzjbCWekm1BTKqdA%3D%3D&trackingId=xyNDs2lSuS9540GRaF2qeQ%3D%3D&trk=flagship3_search_srp_jobs
