Job Title,Job ID,Job Link
Web Back-End Developer,3744045687,https://www.linkedin.com/jobs/view/3744045687/?eBP=CwEAAAGL5ZDosaJa4OE7w7GHo5l5zcDBFOpkBa8CTnUKUhJnEgA-HQ55f8DwMZLV_dEWIthnWIDBsW1e_F0lCPZTM14tQ85NYVV7gYRxgea6jcaWqEyfTz-v3xFocHAnZcCWGLGCG3Az0ZBgNWe2hV8vlgIBcza8Z6wK-Phnd66xP6CzR9OGxYCl59oLX2zSy6vaQ7EInd8nH_ht6IbRx9_G5B0uRGC35TNlbbhX8h0S5rTFQ8FSzQ8NzblKaL9oCFJfzIAIi08pGl5BXqIdKjY_hYEGuBsPU40_J9_LsHQ0Cu5auZ0qZn7KnIZsxHrn_6WCQFTh887z8_0VUhsgGtTjGUXAMylyCnzzRVUR6_QEu6jfPGCIOczrQoJKzJz__nxDOF89ny09&refId=B0qhNZVkyHTipIpLYPXfvw%3D%3D&trackingId=SNFrwDztMkpe%2FnXw4HQx2w%3D%3D&trk=flagship3_search_srp_jobs
Senior Server Engineer,3750038347,https://www.linkedin.com/jobs/view/3750038347/?eBP=CwEAAAGL5ZDoshat6XmDlzk9I91Ja1CzomtC5WQtn99qwQZ1-S9JPLLWkUgLSltE5_1MI8HkvvjUfa2TNSfd9pnNk2vIYdHw4NyxKJ6VKAR_sHpz9Y6y05yVLj8-fzhIp4mCuB2kUd3uvjF2KZHIzE_KMbm9-il5U4SgjNtFDdIEltolhXUK3yhIwKcgKX8M03X8r6vnnD6-nnvVNOCTg_sUHa3Of08xtfLlLEvXRhMva_PCsyg48kwnJT-63tHBFxVPd29B0-MUc07H45FUBRlhzoldJlQOCd0DQhzSgj03Gw5PpCWrI2g0sAUnc29Ftf3p35WnVtHHwryETj76BhEcNnOhkiOqiKEpRsEhJJNYPKhGjXlgMFZq_9U3GOfC7YH5oiTjGx-U&refId=B0qhNZVkyHTipIpLYPXfvw%3D%3D&trackingId=u3txBfVYS6GYsy%2BJx72IRA%3D%3D&trk=flagship3_search_srp_jobs
"Senior Sales Engineer (Cybersecurity & Automation) - Lahore, Pakistan",3757693932,https://www.linkedin.com/jobs/view/3757693932/?eBP=CwEAAAGL5ZDosswYJ2RR0Aolm7aff9D2ubEmfRI5qdWLuYdGbq9zLxIeVcsBX6puc-oUyen86z9cFZgUjqEHbQFM9BZbGWB1zKrwZAnV21rhT13PQ_Py3dZatGOElTmap7dux_ydKSat3X8wfrR6UHGIG9-E9MPGAuze1rHiRNMNobAhb8Zj7NN1HYe63X9RIou0-5a8AsBQ-ngLxz_d6Jzc2DRYmS1iuBKzZdRX0djk2IX389oH9MG9PV5f7lsgPPbRJimVfhHPyDTPRIynOpNBNWatTHc8im7YA0QyErVs9kXiiEiZJbVQA60JE1VyWynrwJtXPNaYJ9lSsvpt83d_0-DXJUkzelcDW67lImTmnP35HbjpBalOzZuFHxxwj3sXU3u-C0w_&refId=B0qhNZVkyHTipIpLYPXfvw%3D%3D&trackingId=c0YmKXgSLil%2FMPsot00HfA%3D%3D&trk=flagship3_search_srp_jobs
External Audit Manager/ Senior Manager / Director Rapid Innovation - Karachi,3638186099,https://www.linkedin.com/jobs/view/3638186099/?eBP=CwEAAAGL5ZDosuxAEcYGyhWaN_6JT4cK4fwiKTOQla23V-CbUKXysIDeenlpI55v0dtkzwNwC9hqT244svJyZ5uwO8tqKEJE_qyKnmymw1hP-2H6Rm56JgUnwNQMdPsUo6qb2BLAN8ZWUnjlvF6C2XS5a0rAVQyb-jQDmvtkF6XqVWuKrUPu4Oi7QiA2GypJJzInqn5MJJuAW_vXfm79tnyFEtOeVDUMsHPf810Cdk9SbirjwR5GcwBdXtRlwPESYGl2kfzjYIHXe-_CgsvD7s_D2kz4LxToXdx410g0HshLHzcqw_TzckjuSnoqKJxqP01iTN_60-lEE7rqXoDNYD3nDUDiXyfRrILhFok0Wk1k5TJfxRl1223dUT9RPm1oiS-hDcCwE4wz&refId=B0qhNZVkyHTipIpLYPXfvw%3D%3D&trackingId=AWIw7T6K%2FWBZjOFEJb2OlA%3D%3D&trk=flagship3_search_srp_jobs
"Senior Audit Manager, Trilogy (Remote) - $100,000/year USD",3764109691,https://www.linkedin.com/jobs/view/3764109691/?eBP=JOB_SEARCH_ORGANIC&refId=B0qhNZVkyHTipIpLYPXfvw%3D%3D&trackingId=N9u6TuwoO7xzr8%2Fdy3%2Bhiw%3D%3D&trk=flagship3_search_srp_jobs
Senior Manager Project Sales,3761451165,https://www.linkedin.com/jobs/view/3761451165/?eBP=CwEAAAGL5ZDosj2PoKE_ARx12lnGbffEPHG5Y1HC0FaxF5XGrVyJGcGTilycbr902ZRybabd_MAR3suNWiu19ihY4KbYcMCr7mqkTtJOxs-H90fj1rxhuzt7Z4zx_APT0RfQwviu02X4t89kU8sH14JzVG6_NQwOyVegyx3R0MAnYA23bbkWZu5lfXnbSWGjsb18MRIqvVau_zA4ZvIwqaO8PbhfbjHt4RD6sj1aBZtCWEQMOGmFFf_Q-O_pIz1-WeOm2aHpwL7hjw2UjyOxwAGYH4ROdEpS8uHh9JE3OPGC_0geY-F6Akm4qF2V1Vs6V1s74NPXWJG_a2UQJ-l_qS_-cYsB2LFP7IFJAIPyfoDjas7Hn8hh86WRFGpMj5sjChMKLXR3U6t3&refId=B0qhNZVkyHTipIpLYPXfvw%3D%3D&trackingId=tiZ7IcVSasp9%2Bxq7%2FSE42w%3D%3D&trk=flagship3_search_srp_jobs
Senior DevOps Engineer,3767892704,https://www.linkedin.com/jobs/view/3767892704/?eBP=CwEAAAGL5ZDosqi5UWpEwmXXSRVodtzpmPU0_paADqYs7O_SAX1N9Nlnv_Iw8BwA-3i3qmHU9HPsNm5pFr4Z84_NXIrb6UrUyxrhkK74LP3F9gikLfs6HisizJX8IIctpbpt07n1B1oi39TMe9DqtLdnGFwnky_RbEAy6v2gZ5pVudaWLqL-_oPimrrvM6cRW3GUldMqflstIkLo4acMMZck4wHrvFv-PpEsoAw4-X0S_ilNZ_euqvpjx5OkvKF369hmPXY611hTrHQjMZnOHcUmnNpr0jqsZ4kVwybmqK7RQVAYonrkUgtrxRfdTdG8NvtohOUOraCRUbtjeOZVjuZ7rEgn_cX4Voa7Cf8fhQAS3e_sYG-a5GT3B3xylZlujB25p543qQ&refId=B0qhNZVkyHTipIpLYPXfvw%3D%3D&trackingId=CzK6v67qEAJNWsAx7vz6Qw%3D%3D&trk=flagship3_search_srp_jobs
"Technical Support Engineer, IgniteTech (Remote) - $60,000/year USD",3764110721,https://www.linkedin.com/jobs/view/3764110721/?eBP=CwEAAAGL5ZDosiBtgoq1JzLbwcsSng9YIMgNFryd87HgpV2QVRIe1MqX_L0__nftD9xVY5z2Ocl1ge09OvkuQ1cIyuIjQs22K4qwlnR0IoJiowW2O_TbHb9y-ObzBa4-jTbJkvRiH5eelK1Qgh-EykLv1GyiY9iV2Rc5iSjx0kd85KTPVTqOjmBqdofH5oYDvgvNrOIBo3xBHtZh-zVB8DE4R-IkFyvJrJafj5L5aelMEr78p8qztLLqj0Pae_p4vD0qPirM1U4NdI8HY58yQRNwBrEpQdErolqdTyJ8e2xkMhd7vm_Tu3BqXHQcMI87xjoPMIR9e1bR3HP1RnOdwwnV6YfRl8dWBgfp0R77swmpPPfHQ5KGzJNVvrquS10cFg3wHUjr5BBa&refId=B0qhNZVkyHTipIpLYPXfvw%3D%3D&trackingId=6m6PrDqg3TatH0w5Ib6KZA%3D%3D&trk=flagship3_search_srp_jobs
Senior Backend Developer,3733549264,https://www.linkedin.com/jobs/view/3733549264/?eBP=CwEAAAGL5ZDosuPORuadw63_rdl2O3rxbetEhlvjVclAGwWzZYhy1v1-EXEdIPLJm1LEmziXudGOFZoUe8HvfnBe8OA5uNjIFmYP5Zat5df2jQVdzVvYKuErVbO3ep_QmM0QqGCdRjPlVE-saX8Vau10kPQ5w6bEqGk1JMXEJe0YAD3P3ZK8Kqx8eLyTIiWfBnHNk2MQ11YC1gGUIKIoa9FbCXXmxAnkAT7capYruQHMGbSB5BgdZJHnJ68q6lyZ6GumWC1rkYx1qlv8q0AvuhcJ4qmPg9tetz3KBkcIuzZVHZ4q8xfMl9uTW04TJ_cyaxIaapsZCv7gCjX3Al4hg6jKntlQr-63MJXssA4oijUMHroaUeB5XWty_C9UceZFGvCv58vx77C3&refId=B0qhNZVkyHTipIpLYPXfvw%3D%3D&trackingId=KyKwhK8y%2B4GOCHNKC%2BFGDA%3D%3D&trk=flagship3_search_srp_jobs
Senior Key Account Executive - Central,3759061475,https://www.linkedin.com/jobs/view/3759061475/?eBP=CwEAAAGL5ZDosvpRHf3JxXNoNV7K8D8EJcC4TmHL3fYusy9IpC0MuP4gSoVEgQI4m1wk90diQ9BsKE6XnUS1TDKpf8D2b9AR32l8Gx0-OVWSzC6pAR6s4FtJUAl7ak7zcKcS62yujWPn9uYtdF0g3Ibjyd5edtVr-hVQsg_8dznRq6edLDQdxgbzQoPfONexOdpnRXkm7Gronny_J9R-JSvf3BVpTQ13-XVJQyzjfh34BciBFAfK0rAFK5Z-gPSTu-rWieDB7bOOUUnQymglOfHzxosRzO9qzOC3ZyTkr5kT9keZVTC26KD6ou8FMsAU6WWM-c1WhrrkESL-C0dcQX4hWOhV3gSWNi39MZ8SrZsP1oBISvz45xEOAKvhui8vYee5LHIla8bV&refId=B0qhNZVkyHTipIpLYPXfvw%3D%3D&trackingId=ndgaUM9swt%2BKZY4AI8kvog%3D%3D&trk=flagship3_search_srp_jobs
Product image Designer,3763528629,https://www.linkedin.com/jobs/view/3763528629/?eBP=JOB_SEARCH_ORGANIC&refId=B0qhNZVkyHTipIpLYPXfvw%3D%3D&trackingId=DfMWlmJrCToJ0N3OMJIQHg%3D%3D&trk=flagship3_search_srp_jobs
Community Mobilizer(CM) - Lahore (Gulberg Town UC-31),3763554695,https://www.linkedin.com/jobs/view/3763554695/?eBP=JOB_SEARCH_ORGANIC&refId=B0qhNZVkyHTipIpLYPXfvw%3D%3D&trackingId=6k24QSuvLcLVieTbjW8dmw%3D%3D&trk=flagship3_search_srp_jobs
Community Mobilizer (CM)- Lahore (Samanabad Town UC 100),3763132115,https://www.linkedin.com/jobs/view/3763132115/?eBP=JOB_SEARCH_ORGANIC&refId=B0qhNZVkyHTipIpLYPXfvw%3D%3D&trackingId=knm75Mj%2BmPqVKi6RoqqaJA%3D%3D&trk=flagship3_search_srp_jobs
"Senior Software Engineer, Trilogy (Remote) - $100,000/year USD",3764110792,https://www.linkedin.com/jobs/view/3764110792/?eBP=JOB_SEARCH_ORGANIC&refId=B0qhNZVkyHTipIpLYPXfvw%3D%3D&trackingId=CIrZ9PMlwp1%2F1PMIjF0mOg%3D%3D&trk=flagship3_search_srp_jobs
,3763125838,
,3765253164,
Fresh ACCA Qualified STAFF,3767828323,https://www.linkedin.com/jobs/view/3767828323/?eBP=JOB_SEARCH_ORGANIC&refId=B0qhNZVkyHTipIpLYPXfvw%3D%3D&trackingId=emMefQSMO4eUr5cwHePyKA%3D%3D&trk=flagship3_search_srp_jobs
"Assistant Manager, Communication",3769833945,https://www.linkedin.com/jobs/view/3769833945/?eBP=JOB_SEARCH_ORGANIC&refId=B0qhNZVkyHTipIpLYPXfvw%3D%3D&trackingId=nqyv9yUHKjkqX1qoxlifEg%3D%3D&trk=flagship3_search_srp_jobs
Community Mobilizer (CM)- Lahore (Aziz Bhatti Town UC 59),3763124814,https://www.linkedin.com/jobs/view/3763124814/?eBP=JOB_SEARCH_ORGANIC&refId=B0qhNZVkyHTipIpLYPXfvw%3D%3D&trackingId=x969jeCdgIJtvqJWZ%2BDncg%3D%3D&trk=flagship3_search_srp_jobs
Community Mobilizer (CM)- Lahore (Samanabad Town UC 104),3763127606,https://www.linkedin.com/jobs/view/3763127606/?eBP=JOB_SEARCH_ORGANIC&refId=B0qhNZVkyHTipIpLYPXfvw%3D%3D&trackingId=NAmSLoW7vUoltksjE8uScQ%3D%3D&trk=flagship3_search_srp_jobs
Community Mobilizer (CM)- Lahore (Samanabad Town UC 88),3763124797,https://www.linkedin.com/jobs/view/3763124797/?eBP=JOB_SEARCH_ORGANIC&refId=B0qhNZVkyHTipIpLYPXfvw%3D%3D&trackingId=F1aF03022ns5dZgWud8GmA%3D%3D&trk=flagship3_search_srp_jobs
,3763132095,
,3763131217,
Web Back-End Developer,3744045730,https://www.linkedin.com/jobs/view/3744045730/?eBP=JOB_SEARCH_ORGANIC&refId=B0qhNZVkyHTipIpLYPXfvw%3D%3D&trackingId=aeji9yzikqeiGscIv2ypAg%3D%3D&trk=flagship3_search_srp_jobs
Community Mobilizer (CM)- Lahore (Allama Iqbal Town UC 119),3763132182,https://www.linkedin.com/jobs/view/3763132182/?eBP=JOB_SEARCH_ORGANIC&refId=B0qhNZVkyHTipIpLYPXfvw%3D%3D&trackingId=V7aBDDP7W2S7SEukJ5xljQ%3D%3D&trk=flagship3_search_srp_jobs
