Job Title,Job Link
Head of Power Planning,https://www.linkedin.com/jobs/view/3727064398/?eBP=CwEAAAGK0ZZdLItz7fTH-tv_T_JR6w_oQAz22CxfdkKzDSJOa9eeLW3Gizs8g_SALMmubP_W_oR9BhNZvsNi-qG5m0eda8GKfwMFx0suS9y-2ZrGe1qEru0wtpp-OJsHYS6uS2vkJmc9yeOi4XmQhkurfnYvRtMyQv1zwP9X_SlWooBDKcP8Oz2DnNBQiqYafu_KygX-1SuD87gEC5w255kpNqsm0CH6XhCTCTbKWJTBLpLD3SpSUewZsnHSW-72kkdxtcjTqMQWm3r3eeQKGzNMFsEm0TG4ra8_BhzmynX0Jnx03I_bQzw-QC-Fw_0dBB2yAe50CXRtceK3CJDdWlLkBq6lH8z62YTv0zGwcog_nVODz3Zkx6hiM20O-DcN3IOBkKijmfzdw4Y&refId=N%2F3m%2F9EChkBavkNrBDQXLg%3D%3D&trackingId=I3JT47dJsml4tgCbJ0Ro4g%3D%3D&trk=flagship3_search_srp_jobs
Quality Assurance Automation Engineer,https://www.linkedin.com/jobs/view/3727021920/?eBP=JOB_SEARCH_ORGANIC&refId=N%2F3m%2F9EChkBavkNrBDQXLg%3D%3D&trackingId=IaHNw0ZuHqBK6jlLmhNMdg%3D%3D&trk=flagship3_search_srp_jobs
Release Management Engineer,https://www.linkedin.com/jobs/view/3727054443/?eBP=JOB_SEARCH_ORGANIC&refId=N%2F3m%2F9EChkBavkNrBDQXLg%3D%3D&trackingId=jpTn2cu7dGkdOOByJXABAA%3D%3D&trk=flagship3_search_srp_jobs
Senior Software Development Project Manager,https://www.linkedin.com/jobs/view/3676168478/?eBP=JOB_SEARCH_ORGANIC&refId=N%2F3m%2F9EChkBavkNrBDQXLg%3D%3D&trackingId=qgMY0yHNwVOd4FoMuldHHw%3D%3D&trk=flagship3_search_srp_jobs
Community Counselor,https://www.linkedin.com/jobs/view/3727015123/?eBP=JOB_SEARCH_ORGANIC&refId=N%2F3m%2F9EChkBavkNrBDQXLg%3D%3D&trackingId=mlS3g6uplw5cVxaQq1N99g%3D%3D&trk=flagship3_search_srp_jobs
Expert Tax Advisory,https://www.linkedin.com/jobs/view/3726897724/?eBP=JOB_SEARCH_ORGANIC&refId=N%2F3m%2F9EChkBavkNrBDQXLg%3D%3D&trackingId=wXFH0HvrsEVHRiTO%2B%2F5cMw%3D%3D&trk=flagship3_search_srp_jobs
"MERN Stack Developer - ReactJS, NodeJS, Apollo, Graphql & MongoDB",https://www.linkedin.com/jobs/view/3727009692/?eBP=JOB_SEARCH_ORGANIC&refId=N%2F3m%2F9EChkBavkNrBDQXLg%3D%3D&trackingId=v25ijxgjptP3JEUdwSwk6g%3D%3D&trk=flagship3_search_srp_jobs
Senior Project Manager,https://www.linkedin.com/jobs/view/3727049407/?eBP=JOB_SEARCH_ORGANIC&refId=N%2F3m%2F9EChkBavkNrBDQXLg%3D%3D&trackingId=gyiuGgImkQ19BXulIh5s0g%3D%3D&trk=flagship3_search_srp_jobs
Full Stack Developer (.Net & Angular),https://www.linkedin.com/jobs/view/3727008391/?eBP=JOB_SEARCH_ORGANIC&refId=N%2F3m%2F9EChkBavkNrBDQXLg%3D%3D&trackingId=ZaVOcV2tuJqdYoylayl5YQ%3D%3D&trk=flagship3_search_srp_jobs
German Customer Service Representative,https://www.linkedin.com/jobs/view/3726882264/?eBP=JOB_SEARCH_ORGANIC&refId=N%2F3m%2F9EChkBavkNrBDQXLg%3D%3D&trackingId=jsQJ15ILholK2GoaQOZd5A%3D%3D&trk=flagship3_search_srp_jobs
Game Developer,https://www.linkedin.com/jobs/view/3727011788/?eBP=JOB_SEARCH_ORGANIC&refId=N%2F3m%2F9EChkBavkNrBDQXLg%3D%3D&trackingId=43fynM0%2FaT86Oe%2BiyQwueg%3D%3D&trk=flagship3_search_srp_jobs
full stack developer,https://www.linkedin.com/jobs/view/3727879808/?eBP=JOB_SEARCH_ORGANIC&refId=N%2F3m%2F9EChkBavkNrBDQXLg%3D%3D&trackingId=5%2Fat4Axvc8gUMWfUHIJwqg%3D%3D&trk=flagship3_search_srp_jobs
Real Estate Sales Agent,https://www.linkedin.com/jobs/view/3727005694/?eBP=JOB_SEARCH_ORGANIC&refId=N%2F3m%2F9EChkBavkNrBDQXLg%3D%3D&trackingId=ZA2uEez1UNBJl3wJ%2BHbu%2Fw%3D%3D&trk=flagship3_search_srp_jobs
Head of Compliance-Banking Industry,https://www.linkedin.com/jobs/view/3727001673/?eBP=JOB_SEARCH_ORGANIC&refId=N%2F3m%2F9EChkBavkNrBDQXLg%3D%3D&trackingId=2ZTOI4dndOZRnINTBNWjdw%3D%3D&trk=flagship3_search_srp_jobs
Software Quality Assurance Analyst,https://www.linkedin.com/jobs/view/3603557857/?eBP=JOB_SEARCH_ORGANIC&refId=N%2F3m%2F9EChkBavkNrBDQXLg%3D%3D&trackingId=Y0mloY%2B4x3N2zwTXStaEOA%3D%3D&trk=flagship3_search_srp_jobs
Javascript Developer,https://www.linkedin.com/jobs/view/3727058518/?eBP=JOB_SEARCH_ORGANIC&refId=N%2F3m%2F9EChkBavkNrBDQXLg%3D%3D&trackingId=czzXfODbPFKX8dBgoQJR8g%3D%3D&trk=flagship3_search_srp_jobs
mid Lavel Laravel Developer,https://www.linkedin.com/jobs/view/3727009850/?eBP=JOB_SEARCH_ORGANIC&refId=N%2F3m%2F9EChkBavkNrBDQXLg%3D%3D&trackingId=ZHon2%2Bk67Mojveky1m%2BYaA%3D%3D&trk=flagship3_search_srp_jobs
Control Systems Cyber Security Specialist,https://www.linkedin.com/jobs/view/3723391289/?eBP=JOB_SEARCH_ORGANIC&refId=N%2F3m%2F9EChkBavkNrBDQXLg%3D%3D&trackingId=YRV1f2Satqv%2B0uSheq4juw%3D%3D&trk=flagship3_search_srp_jobs
Medical Billing Specialist (Infusion Billing) - Production Department,https://www.linkedin.com/jobs/view/3723343593/?eBP=JOB_SEARCH_ORGANIC&refId=N%2F3m%2F9EChkBavkNrBDQXLg%3D%3D&trackingId=Bxzwb61bGc4wLQw%2BnpAl6w%3D%3D&trk=flagship3_search_srp_jobs
Google Ads Specialist,https://www.linkedin.com/jobs/view/3727058923/?eBP=JOB_SEARCH_ORGANIC&refId=N%2F3m%2F9EChkBavkNrBDQXLg%3D%3D&trackingId=wEqh46DXGsccQFoMLha%2FdA%3D%3D&trk=flagship3_search_srp_jobs
Wordpress Developer,https://www.linkedin.com/jobs/view/3727041238/?eBP=JOB_SEARCH_ORGANIC&refId=N%2F3m%2F9EChkBavkNrBDQXLg%3D%3D&trackingId=vU78R5SjGKME%2Bojx%2B8c2pw%3D%3D&trk=flagship3_search_srp_jobs
Full Stack Engineer,https://www.linkedin.com/jobs/view/3728302196/?eBP=JOB_SEARCH_ORGANIC&refId=N%2F3m%2F9EChkBavkNrBDQXLg%3D%3D&trackingId=EEGnbhjcnZk7WEMzRm3%2BzA%3D%3D&trk=flagship3_search_srp_jobs
Full Stack Laravel Team Lead,https://www.linkedin.com/jobs/view/3728019476/?eBP=JOB_SEARCH_ORGANIC&refId=N%2F3m%2F9EChkBavkNrBDQXLg%3D%3D&trackingId=FGfglefs6W3C1aeg06K7TA%3D%3D&trk=flagship3_search_srp_jobs
Android Developer,https://www.linkedin.com/jobs/view/3727010740/?eBP=JOB_SEARCH_ORGANIC&refId=N%2F3m%2F9EChkBavkNrBDQXLg%3D%3D&trackingId=IEvJNKbsi3vDeahgzVRqqA%3D%3D&trk=flagship3_search_srp_jobs
MERN and React Native Developer,https://www.linkedin.com/jobs/view/3727013349/?eBP=JOB_SEARCH_ORGANIC&refId=N%2F3m%2F9EChkBavkNrBDQXLg%3D%3D&trackingId=n22VD0ZQAUz%2BHqs%2BRRTFmg%3D%3D&trk=flagship3_search_srp_jobs
