Job Title,Job Link,Job ID
Data Annotator,https://www.linkedin.com/jobs/view/3727535445/?eBP=JOB_SEARCH_ORGANIC&refId=EPjJ%2FujePliZrNV%2Bn7S40Q%3D%3D&trackingId=7zs5Ie23UjE%2Bw6x7zi29MA%3D%3D&trk=flagship3_search_srp_jobs,3727535445
PowerBi Data Analyst,https://www.linkedin.com/jobs/view/3725544721/?eBP=JOB_SEARCH_ORGANIC&refId=EPjJ%2FujePliZrNV%2Bn7S40Q%3D%3D&trackingId=gbp800qEVTu%2FdRuedJYJvQ%3D%3D&trk=flagship3_search_srp_jobs,3725544721
Analyst - EMEA,https://www.linkedin.com/jobs/view/3697131076/?eBP=JOB_SEARCH_ORGANIC&refId=EPjJ%2FujePliZrNV%2Bn7S40Q%3D%3D&trackingId=oBiYiM6wEABHAi%2Blz4748Q%3D%3D&trk=flagship3_search_srp_jobs,3697131076
Email Copywriter/Strategist,https://www.linkedin.com/jobs/view/3723056673/?eBP=CwEAAAGK1peaEQwfzZaOrq3V7FK-SVIrFX_Hbvtpka9mHZuxoadFnXeYOhfSc6d-WcpE-rr6OFWOptlXt1NBpquCKV2_3xfGMT74IgW9T4AqqdT89tEuExlERuJDdTuuz594ImI9lCScKnz7CZ36iNSg-C-h5MQCu7xzQP3fi38s4lhM3ckr0TgPADgAWTL3H7zY0_RsTmeWtJQw91UUWisHsHGduDkX2GlUYC-JdpHV0YEstj4rrf4eUIOrhPRoi1o5LLmrELl5cceoDlwWrsic6XRyJgzPRKl4_BthUB4fn6HJf5v3GYfSi-AAGFl7DwZS-RAnxWe4J2tJvrVxc5GE4fUmPd__2jWrjIAzO3B2vWKT0VamYbd_YzjGSi9g1FkMKQ&refId=EPjJ%2FujePliZrNV%2Bn7S40Q%3D%3D&trackingId=ADoeQB6eKs7uXE0J4%2FoZTw%3D%3D&trk=flagship3_search_srp_jobs,3723056673
Fresh Telecom Intern,https://www.linkedin.com/jobs/view/3727538999/?eBP=JOB_SEARCH_ORGANIC&refId=EPjJ%2FujePliZrNV%2Bn7S40Q%3D%3D&trackingId=JhkukryNTcKIF13%2BEjiyig%3D%3D&trk=flagship3_search_srp_jobs,3727538999
Research Analyst,https://www.linkedin.com/jobs/view/3727525426/?eBP=JOB_SEARCH_ORGANIC&refId=EPjJ%2FujePliZrNV%2Bn7S40Q%3D%3D&trackingId=ggvwpwB7rRwQ3c730uz7Sg%3D%3D&trk=flagship3_search_srp_jobs,3727525426
Marketing Analyst,https://www.linkedin.com/jobs/view/3728757956/?eBP=JOB_SEARCH_ORGANIC&refId=EPjJ%2FujePliZrNV%2Bn7S40Q%3D%3D&trackingId=MKq7JX6%2FwOA2otSYY2c3kw%3D%3D&trk=flagship3_search_srp_jobs,3728757956
Data Integration and Analysis Specialist,https://www.linkedin.com/jobs/view/3727519511/?eBP=JOB_SEARCH_ORGANIC&refId=EPjJ%2FujePliZrNV%2Bn7S40Q%3D%3D&trackingId=JlzAobITM4FExEj3bA6J%2Bw%3D%3D&trk=flagship3_search_srp_jobs,3727519511
Associate,https://www.linkedin.com/jobs/view/3727539221/?eBP=JOB_SEARCH_ORGANIC&refId=EPjJ%2FujePliZrNV%2Bn7S40Q%3D%3D&trackingId=5AIIW4AXbMIZbIIPE6dX0g%3D%3D&trk=flagship3_search_srp_jobs,3727539221
Social Media Executive Intern,https://www.linkedin.com/jobs/view/3726657506/?eBP=JOB_SEARCH_ORGANIC&refId=EPjJ%2FujePliZrNV%2Bn7S40Q%3D%3D&trackingId=VllvMC4TMfGEtpjk4VDAEg%3D%3D&trk=flagship3_search_srp_jobs,3726657506
Business Development Interns(Leading To Permanent Job),https://www.linkedin.com/jobs/view/3727521023/?eBP=JOB_SEARCH_ORGANIC&refId=EPjJ%2FujePliZrNV%2Bn7S40Q%3D%3D&trackingId=LQMGCwtglScnT8FwOeIeoQ%3D%3D&trk=flagship3_search_srp_jobs,3727521023
Junior Backend Developer (Python),https://www.linkedin.com/jobs/view/3727532698/?eBP=JOB_SEARCH_ORGANIC&refId=EPjJ%2FujePliZrNV%2Bn7S40Q%3D%3D&trackingId=U1yVZXy7ZRDwEqDao7zARg%3D%3D&trk=flagship3_search_srp_jobs,3727532698
QHSE Analyst,https://www.linkedin.com/jobs/view/3515858032/?eBP=JOB_SEARCH_ORGANIC&refId=EPjJ%2FujePliZrNV%2Bn7S40Q%3D%3D&trackingId=A1bHxeQyMQp90OxV%2FUxm1Q%3D%3D&trk=flagship3_search_srp_jobs,3515858032
Digital Marketing Executive (Internship leading to permanent job),https://www.linkedin.com/jobs/view/3727392067/?eBP=JOB_SEARCH_ORGANIC&refId=EPjJ%2FujePliZrNV%2Bn7S40Q%3D%3D&trackingId=C7s11tRSTlqpA5SlxiPKqg%3D%3D&trk=flagship3_search_srp_jobs,3727392067
Management Trainee Officer,https://www.linkedin.com/jobs/view/3728787038/?eBP=JOB_SEARCH_ORGANIC&refId=EPjJ%2FujePliZrNV%2Bn7S40Q%3D%3D&trackingId=4icHdvphwsUtGonuS5C1DA%3D%3D&trk=flagship3_search_srp_jobs,3728787038
Tax Intern,https://www.linkedin.com/jobs/view/3727514695/?eBP=JOB_SEARCH_ORGANIC&refId=EPjJ%2FujePliZrNV%2Bn7S40Q%3D%3D&trackingId=8NqnGrjUoYFG%2BOB7fCBU3A%3D%3D&trk=flagship3_search_srp_jobs,3727514695
Business Development Associate,https://www.linkedin.com/jobs/view/3727542089/?eBP=JOB_SEARCH_ORGANIC&refId=EPjJ%2FujePliZrNV%2Bn7S40Q%3D%3D&trackingId=a30ii6bXeIPRAWMZafdaqA%3D%3D&trk=flagship3_search_srp_jobs,3727542089
Finance & Accounts Executive - R2R,https://www.linkedin.com/jobs/view/3728771717/?eBP=JOB_SEARCH_ORGANIC&refId=EPjJ%2FujePliZrNV%2Bn7S40Q%3D%3D&trackingId=o%2F7Iwb6N260yBQZVQvpWDA%3D%3D&trk=flagship3_search_srp_jobs,3728771717
Sales And Marketing Intern,https://www.linkedin.com/jobs/view/3727549526/?eBP=JOB_SEARCH_ORGANIC&refId=EPjJ%2FujePliZrNV%2Bn7S40Q%3D%3D&trackingId=B2BZ1TmoGTf0eW9yikcLBw%3D%3D&trk=flagship3_search_srp_jobs,3727549526
Customer Relationship Management (CRM) Specialist,https://www.linkedin.com/jobs/view/3727523929/?eBP=JOB_SEARCH_ORGANIC&refId=EPjJ%2FujePliZrNV%2Bn7S40Q%3D%3D&trackingId=8rDgLzonkaKrZH7sWsG%2BPA%3D%3D&trk=flagship3_search_srp_jobs,3727523929
Customer Support Executive,https://www.linkedin.com/jobs/view/3727547160/?eBP=JOB_SEARCH_ORGANIC&refId=EPjJ%2FujePliZrNV%2Bn7S40Q%3D%3D&trackingId=tL4KjdY6OMNjtPGeS%2FWy6w%3D%3D&trk=flagship3_search_srp_jobs,3727547160
Jr. SEO Link Builder,https://www.linkedin.com/jobs/view/3727527698/?eBP=JOB_SEARCH_ORGANIC&refId=EPjJ%2FujePliZrNV%2Bn7S40Q%3D%3D&trackingId=QWc5Q9dMCANIEzPgt8f2FQ%3D%3D&trk=flagship3_search_srp_jobs,3727527698
Customer Support Representative,https://www.linkedin.com/jobs/view/3727527033/?eBP=JOB_SEARCH_ORGANIC&refId=EPjJ%2FujePliZrNV%2Bn7S40Q%3D%3D&trackingId=4mue8y41qdnYABU3%2F6w2Rg%3D%3D&trk=flagship3_search_srp_jobs,3727527033
SOFTWARE DEVELOPER,https://www.linkedin.com/jobs/view/3727513946/?eBP=JOB_SEARCH_ORGANIC&refId=EPjJ%2FujePliZrNV%2Bn7S40Q%3D%3D&trackingId=SABsghmt4xeK2pZyMdtPiQ%3D%3D&trk=flagship3_search_srp_jobs,3727513946
Senior Executive Voice Segments,https://www.linkedin.com/jobs/view/3725621125/?eBP=JOB_SEARCH_ORGANIC&refId=EPjJ%2FujePliZrNV%2Bn7S40Q%3D%3D&trackingId=6j44lElPjlk6ZaWBaYRn6A%3D%3D&trk=flagship3_search_srp_jobs,3725621125
Business Development Consultant,https://www.linkedin.com/jobs/view/3727397588/?eBP=JOB_SEARCH_ORGANIC&refId=55zW6k3Tuivp%2FhHfWBEtcw%3D%3D&trackingId=zS23l%2BIU%2BCFRZh3DmsCZcQ%3D%3D&trk=flagship3_search_srp_jobs,3727397588
Customer Success Specialist,https://www.linkedin.com/jobs/view/3727543358/?eBP=JOB_SEARCH_ORGANIC&refId=55zW6k3Tuivp%2FhHfWBEtcw%3D%3D&trackingId=PdUoU1GxLXqPdJOfBkTyMA%3D%3D&trk=flagship3_search_srp_jobs,3727543358
Supply Chain Executive,https://www.linkedin.com/jobs/view/3727542397/?eBP=JOB_SEARCH_ORGANIC&refId=55zW6k3Tuivp%2FhHfWBEtcw%3D%3D&trackingId=aInYIHx03P2WQgyk6zC1Bg%3D%3D&trk=flagship3_search_srp_jobs,3727542397
Finance Executive,https://www.linkedin.com/jobs/view/3728793212/?eBP=JOB_SEARCH_ORGANIC&refId=55zW6k3Tuivp%2FhHfWBEtcw%3D%3D&trackingId=BWi6gdxAlPwgfDXIOB6M0A%3D%3D&trk=flagship3_search_srp_jobs,3728793212
SOFTWARE DEVELOPER,https://www.linkedin.com/jobs/view/3727510836/?eBP=JOB_SEARCH_ORGANIC&refId=55zW6k3Tuivp%2FhHfWBEtcw%3D%3D&trackingId=J4PKHai48HxgGbuChDUh0Q%3D%3D&trk=flagship3_search_srp_jobs,3727510836
Admissions Officer,https://www.linkedin.com/jobs/view/3727545197/?eBP=JOB_SEARCH_ORGANIC&refId=55zW6k3Tuivp%2FhHfWBEtcw%3D%3D&trackingId=b2AeLehgjYwIftgY%2Fjs6bw%3D%3D&trk=flagship3_search_srp_jobs,3727545197
Marketing Associate,https://www.linkedin.com/jobs/view/3727062534/?eBP=JOB_SEARCH_ORGANIC&refId=55zW6k3Tuivp%2FhHfWBEtcw%3D%3D&trackingId=xkTR9YrqBsFilqOOmubyhg%3D%3D&trk=flagship3_search_srp_jobs,3727062534
Product Owner,https://www.linkedin.com/jobs/view/3727520081/?eBP=JOB_SEARCH_ORGANIC&refId=55zW6k3Tuivp%2FhHfWBEtcw%3D%3D&trackingId=QmRoU5wUpwG9azAAXXS8EQ%3D%3D&trk=flagship3_search_srp_jobs,3727520081
Business Development Associate,https://www.linkedin.com/jobs/view/3727546970/?eBP=JOB_SEARCH_ORGANIC&refId=55zW6k3Tuivp%2FhHfWBEtcw%3D%3D&trackingId=gGRwLDvMetF0qcN4aqUcGA%3D%3D&trk=flagship3_search_srp_jobs,3727546970
Growth Marketer,https://www.linkedin.com/jobs/view/3727507999/?eBP=JOB_SEARCH_ORGANIC&refId=55zW6k3Tuivp%2FhHfWBEtcw%3D%3D&trackingId=2jQzpzkM5XRJnqp%2FD%2B%2BE9g%3D%3D&trk=flagship3_search_srp_jobs,3727507999
Business Development Intern,https://www.linkedin.com/jobs/view/3728632238/?eBP=JOB_SEARCH_ORGANIC&refId=55zW6k3Tuivp%2FhHfWBEtcw%3D%3D&trackingId=SxVtwdwoZWLnSGL4%2B2CuSg%3D%3D&trk=flagship3_search_srp_jobs,3728632238
Sr Growth Hacker,https://www.linkedin.com/jobs/view/3727065291/?eBP=JOB_SEARCH_ORGANIC&refId=55zW6k3Tuivp%2FhHfWBEtcw%3D%3D&trackingId=OkLQ9mkkAk6otUltQ20m3A%3D%3D&trk=flagship3_search_srp_jobs,3727065291
Sales Intern,https://www.linkedin.com/jobs/view/3726150776/?eBP=JOB_SEARCH_ORGANIC&refId=55zW6k3Tuivp%2FhHfWBEtcw%3D%3D&trackingId=pTn8CiBa%2FT5CJw28ik4Xjw%3D%3D&trk=flagship3_search_srp_jobs,3726150776
Digital Marketing Specialist,https://www.linkedin.com/jobs/view/3728743551/?eBP=JOB_SEARCH_ORGANIC&refId=55zW6k3Tuivp%2FhHfWBEtcw%3D%3D&trackingId=Zl%2BM%2FqQp%2FQ5Zjsu0JnPIvA%3D%3D&trk=flagship3_search_srp_jobs,3728743551
Customer Service Executive,https://www.linkedin.com/jobs/view/3728798608/?eBP=JOB_SEARCH_ORGANIC&refId=55zW6k3Tuivp%2FhHfWBEtcw%3D%3D&trackingId=BnGM0w75IsxsT3MvkdVN4g%3D%3D&trk=flagship3_search_srp_jobs,3728798608
Admissions Officer,https://www.linkedin.com/jobs/view/3727549389/?eBP=JOB_SEARCH_ORGANIC&refId=55zW6k3Tuivp%2FhHfWBEtcw%3D%3D&trackingId=2FqXjMo249vFiQOTznUY6g%3D%3D&trk=flagship3_search_srp_jobs,3727549389
Software Engineer,https://www.linkedin.com/jobs/view/3727546483/?eBP=JOB_SEARCH_ORGANIC&refId=55zW6k3Tuivp%2FhHfWBEtcw%3D%3D&trackingId=lLCyCrHcMOokonWPC1GAyQ%3D%3D&trk=flagship3_search_srp_jobs,3727546483
Odoo Developer,https://www.linkedin.com/jobs/view/3727054738/?eBP=JOB_SEARCH_ORGANIC&refId=55zW6k3Tuivp%2FhHfWBEtcw%3D%3D&trackingId=t24hHh2BfDYwreyyXzPzeg%3D%3D&trk=flagship3_search_srp_jobs,3727054738
Research Associate,https://www.linkedin.com/jobs/view/3718154858/?eBP=JOB_SEARCH_ORGANIC&refId=55zW6k3Tuivp%2FhHfWBEtcw%3D%3D&trackingId=Paa%2BH39eBoOuAPhvSaDHPQ%3D%3D&trk=flagship3_search_srp_jobs,3718154858
Social Media Manager,https://www.linkedin.com/jobs/view/3714484473/?eBP=JOB_SEARCH_ORGANIC&refId=55zW6k3Tuivp%2FhHfWBEtcw%3D%3D&trackingId=mwHZ0PhfvAerbsORjmL8vg%3D%3D&trk=flagship3_search_srp_jobs,3714484473
"Associate, Customer Success (Sales)",https://www.linkedin.com/jobs/view/3725537267/?eBP=JOB_SEARCH_ORGANIC&refId=55zW6k3Tuivp%2FhHfWBEtcw%3D%3D&trackingId=%2FO8wuIQoNSaDEAawqVpJ9Q%3D%3D&trk=flagship3_search_srp_jobs,3725537267
Frontend Developer,https://www.linkedin.com/jobs/view/3727546690/?eBP=JOB_SEARCH_ORGANIC&refId=55zW6k3Tuivp%2FhHfWBEtcw%3D%3D&trackingId=qvtApVLu2x%2BTnSg%2Fw3FoIg%3D%3D&trk=flagship3_search_srp_jobs,3727546690
Treasury Analyst,https://www.linkedin.com/jobs/view/3727542938/?eBP=JOB_SEARCH_ORGANIC&refId=55zW6k3Tuivp%2FhHfWBEtcw%3D%3D&trackingId=NoX6XogKoqPrTktoHYkaZg%3D%3D&trk=flagship3_search_srp_jobs,3727542938
Admissions Officer,https://www.linkedin.com/jobs/view/3727509737/?eBP=JOB_SEARCH_ORGANIC&refId=55zW6k3Tuivp%2FhHfWBEtcw%3D%3D&trackingId=eqdGiL3BFyCIDONvisvg6A%3D%3D&trk=flagship3_search_srp_jobs,3727509737
SEO Inbound and Outbound Marketing Expert,https://www.linkedin.com/jobs/view/3727399983/?eBP=JOB_SEARCH_ORGANIC&refId=55zW6k3Tuivp%2FhHfWBEtcw%3D%3D&trackingId=OHrW9TgxQ1IofpcEDdMAPg%3D%3D&trk=flagship3_search_srp_jobs,3727399983
Web Performance Analyst,https://www.linkedin.com/jobs/view/3727539625/?eBP=JOB_SEARCH_ORGANIC&refId=i%2BFJJIwAv%2Bg6ImtYeu%2FuJQ%3D%3D&trackingId=mBBPcy7qH877DLZRQK%2F6Eg%3D%3D&trk=flagship3_search_srp_jobs,3727539625
Internal Auditor,https://www.linkedin.com/jobs/view/3727546053/?eBP=JOB_SEARCH_ORGANIC&refId=i%2BFJJIwAv%2Bg6ImtYeu%2FuJQ%3D%3D&trackingId=IWpW7EKbembOL2SFPsDUQQ%3D%3D&trk=flagship3_search_srp_jobs,3727546053
Business Development Executive (Linkedin & Upwork),https://www.linkedin.com/jobs/view/3727523373/?eBP=JOB_SEARCH_ORGANIC&refId=i%2BFJJIwAv%2Bg6ImtYeu%2FuJQ%3D%3D&trackingId=k2dF2p3SGtb9Bgjui0Zmxw%3D%3D&trk=flagship3_search_srp_jobs,3727523373
Call Center Representative,https://www.linkedin.com/jobs/view/3727518774/?eBP=JOB_SEARCH_ORGANIC&refId=i%2BFJJIwAv%2Bg6ImtYeu%2FuJQ%3D%3D&trackingId=M90NFmIuNHAfdEN4C3C7ig%3D%3D&trk=flagship3_search_srp_jobs,3727518774
PPC Manager,https://www.linkedin.com/jobs/view/3727507876/?eBP=JOB_SEARCH_ORGANIC&refId=i%2BFJJIwAv%2Bg6ImtYeu%2FuJQ%3D%3D&trackingId=EFFZJiK8t%2F2IHTDuk1fBBg%3D%3D&trk=flagship3_search_srp_jobs,3727507876
Business Development,https://www.linkedin.com/jobs/view/3727545291/?eBP=JOB_SEARCH_ORGANIC&refId=i%2BFJJIwAv%2Bg6ImtYeu%2FuJQ%3D%3D&trackingId=vue0IOlUQhLyav5KKfzaoA%3D%3D&trk=flagship3_search_srp_jobs,3727545291
Assistant Accounts,https://www.linkedin.com/jobs/view/3727508804/?eBP=JOB_SEARCH_ORGANIC&refId=i%2BFJJIwAv%2Bg6ImtYeu%2FuJQ%3D%3D&trackingId=KvXiMiYx6jfDgKXhSoB0dg%3D%3D&trk=flagship3_search_srp_jobs,3727508804
Website SEO Specialist,https://www.linkedin.com/jobs/view/3727534787/?eBP=JOB_SEARCH_ORGANIC&refId=i%2BFJJIwAv%2Bg6ImtYeu%2FuJQ%3D%3D&trackingId=8RRuKNaTFRy8xa3IS2arJA%3D%3D&trk=flagship3_search_srp_jobs,3727534787
Assistant Manager Digital & VAS Operations,https://www.linkedin.com/jobs/view/3725876132/?eBP=JOB_SEARCH_ORGANIC&refId=i%2BFJJIwAv%2Bg6ImtYeu%2FuJQ%3D%3D&trackingId=4H003Q%2FzyHUbvB5htJCBcA%3D%3D&trk=flagship3_search_srp_jobs,3725876132
Lead Generation Specialist,https://www.linkedin.com/jobs/view/3727523126/?eBP=JOB_SEARCH_ORGANIC&refId=i%2BFJJIwAv%2Bg6ImtYeu%2FuJQ%3D%3D&trackingId=XVbUMAsP8394eLEFfjIymA%3D%3D&trk=flagship3_search_srp_jobs,3727523126
Python Developer,https://www.linkedin.com/jobs/view/3725533689/?eBP=JOB_SEARCH_ORGANIC&refId=i%2BFJJIwAv%2Bg6ImtYeu%2FuJQ%3D%3D&trackingId=L4%2BinGWERfoTTq74hO1VAg%3D%3D&trk=flagship3_search_srp_jobs,3725533689
Business Development Executive,https://www.linkedin.com/jobs/view/3727533187/?eBP=JOB_SEARCH_ORGANIC&refId=i%2BFJJIwAv%2Bg6ImtYeu%2FuJQ%3D%3D&trackingId=saRhSiE0HAywigr5FDycgw%3D%3D&trk=flagship3_search_srp_jobs,3727533187
Call Center Representative,https://www.linkedin.com/jobs/view/3727536259/?eBP=JOB_SEARCH_ORGANIC&refId=i%2BFJJIwAv%2Bg6ImtYeu%2FuJQ%3D%3D&trackingId=LxTnaO7OfVehZPYQirxT6Q%3D%3D&trk=flagship3_search_srp_jobs,3727536259
Human Resources Intern,https://www.linkedin.com/jobs/view/3727555598/?eBP=JOB_SEARCH_ORGANIC&refId=i%2BFJJIwAv%2Bg6ImtYeu%2FuJQ%3D%3D&trackingId=Np20kVISW81LW%2BNOnwnjZA%3D%3D&trk=flagship3_search_srp_jobs,3727555598
Graphic Designer,https://www.linkedin.com/jobs/view/3727558349/?eBP=JOB_SEARCH_ORGANIC&refId=i%2BFJJIwAv%2Bg6ImtYeu%2FuJQ%3D%3D&trackingId=Nf1qPZkBiVj7Z%2BgVCWczFg%3D%3D&trk=flagship3_search_srp_jobs,3727558349
Manager Consumer Market Insights,https://www.linkedin.com/jobs/view/3725550367/?eBP=JOB_SEARCH_ORGANIC&refId=i%2BFJJIwAv%2Bg6ImtYeu%2FuJQ%3D%3D&trackingId=o9xkR1z5p4lILQKNDhpV4Q%3D%3D&trk=flagship3_search_srp_jobs,3725550367
"Senior Research Executive, Retailer Vertical",https://www.linkedin.com/jobs/view/3728649666/?eBP=CwEAAAGK1po88SilQ7u_jMLdw_q8Rb1EODUgiedWtEUB7nmXXTcYqCT08itL7x9vwZ9uSYGlyOccEeT0BxiW5ZQ9iCAzmwtg8jr0AMgbWEYCIwrrQEuSwR9ZtBtdj4FxeFEtN4hNCIG8aCmC30L9oSXa0B3oZX6QFKoMD5YaQAo1fXWC6FljjyEisByYARaWm1qeX8EXUBrc2A-P--isDvWcoEg8QSsoGVQE6jBmClim__ULKrI-I7u3OwOLl9q8pZFThcJvnVHoVjc_oK5FPHgaZzfo-Xn6328PO64z90fErsPQGbe5Ku61AIeQpP05_moF26oLG8Lstm0XHpnqmKrBFjtC4Kwjh5DGYfUhnllrWbWwtTDvqKNCG8b5EcltxLW854W1-1875jdlQLII&refId=i%2BFJJIwAv%2Bg6ImtYeu%2FuJQ%3D%3D&trackingId=nKFAqiWQvsp1cJirBgSgHQ%3D%3D&trk=flagship3_search_srp_jobs,3728649666
"AI-Augmented Software Developer, Skyvera (Remote) - $200,000/year USD",https://www.linkedin.com/jobs/view/3727369778/?eBP=JOB_SEARCH_ORGANIC&refId=i%2BFJJIwAv%2Bg6ImtYeu%2FuJQ%3D%3D&trackingId=d640PKDoeazqAWpKNUIO7A%3D%3D&trk=flagship3_search_srp_jobs,3727369778
Business Development Specialist,https://www.linkedin.com/jobs/view/3727512346/?eBP=JOB_SEARCH_ORGANIC&refId=i%2BFJJIwAv%2Bg6ImtYeu%2FuJQ%3D%3D&trackingId=6QgoErBc%2Fn2Ph6zFX%2FRJDw%3D%3D&trk=flagship3_search_srp_jobs,3727512346
Search Engine Optimization Specialist,https://www.linkedin.com/jobs/view/3727553253/?eBP=JOB_SEARCH_ORGANIC&refId=i%2BFJJIwAv%2Bg6ImtYeu%2FuJQ%3D%3D&trackingId=2h2jaK6yudOkEZXMlj5sSw%3D%3D&trk=flagship3_search_srp_jobs,3727553253
Educational Counselor,https://www.linkedin.com/jobs/view/3721173224/?eBP=JOB_SEARCH_ORGANIC&refId=i%2BFJJIwAv%2Bg6ImtYeu%2FuJQ%3D%3D&trackingId=2SKRtaYlSZArZA%2BBU3zUYw%3D%3D&trk=flagship3_search_srp_jobs,3721173224
Front Desk Receptionist,https://www.linkedin.com/jobs/view/3727528269/?eBP=JOB_SEARCH_ORGANIC&refId=i%2BFJJIwAv%2Bg6ImtYeu%2FuJQ%3D%3D&trackingId=EKOnakQKDLPgFBmfTSn9Ew%3D%3D&trk=flagship3_search_srp_jobs,3727528269
Assistant to Office Manager,https://www.linkedin.com/jobs/view/3727544324/?eBP=JOB_SEARCH_ORGANIC&refId=i%2BFJJIwAv%2Bg6ImtYeu%2FuJQ%3D%3D&trackingId=TkfS3h0%2FrAPZ76b%2Ba3Vpvw%3D%3D&trk=flagship3_search_srp_jobs,3727544324
UI/UX Product Designer,https://www.linkedin.com/jobs/view/3727544368/?eBP=JOB_SEARCH_ORGANIC&refId=i%2BFJJIwAv%2Bg6ImtYeu%2FuJQ%3D%3D&trackingId=cEgFEkfZ1RfS4ajuJm%2FOFw%3D%3D&trk=flagship3_search_srp_jobs,3727544368
Admissions Officer,https://www.linkedin.com/jobs/view/3727511731/?eBP=JOB_SEARCH_ORGANIC&refId=i%2BFJJIwAv%2Bg6ImtYeu%2FuJQ%3D%3D&trackingId=vfyD09SswajYFGTY%2BSzMZQ%3D%3D&trk=flagship3_search_srp_jobs,3727511731
"AI-Augmented Software Developer, Skyvera (Remote) - $200,000/year USD",https://www.linkedin.com/jobs/view/3727370489/?eBP=JOB_SEARCH_ORGANIC&refId=rwpmKe5K65CoeLrumK8hyg%3D%3D&trackingId=CFZhszt39hvfxKjtNbjBKQ%3D%3D&trk=flagship3_search_srp_jobs,3727370489
"AI-Augmented Software Developer, Skyvera (Remote) - $200,000/year USD",https://www.linkedin.com/jobs/view/3727372136/?eBP=JOB_SEARCH_ORGANIC&refId=rwpmKe5K65CoeLrumK8hyg%3D%3D&trackingId=rdP%2Bo6EuvVn9rs7ptN5u1Q%3D%3D&trk=flagship3_search_srp_jobs,3727372136
Acquisition Executive,https://www.linkedin.com/jobs/view/3727550102/?eBP=JOB_SEARCH_ORGANIC&refId=rwpmKe5K65CoeLrumK8hyg%3D%3D&trackingId=bvdyOkQyBgeFXwGF5G1g7w%3D%3D&trk=flagship3_search_srp_jobs,3727550102
Assistant Marketing Manager,https://www.linkedin.com/jobs/view/3727540297/?eBP=JOB_SEARCH_ORGANIC&refId=rwpmKe5K65CoeLrumK8hyg%3D%3D&trackingId=zF6XFd6YzceM%2Bg3ZhItTlg%3D%3D&trk=flagship3_search_srp_jobs,3727540297
Business Development Executive,https://www.linkedin.com/jobs/view/3727516354/?eBP=JOB_SEARCH_ORGANIC&refId=rwpmKe5K65CoeLrumK8hyg%3D%3D&trackingId=niuWm%2BubCyN%2Bukna7%2BjMlA%3D%3D&trk=flagship3_search_srp_jobs,3727516354
Business Development Executive,https://www.linkedin.com/jobs/view/3727358597/?eBP=JOB_SEARCH_ORGANIC&refId=rwpmKe5K65CoeLrumK8hyg%3D%3D&trackingId=auohj5KNxVbYGs0mrs3rOA%3D%3D&trk=flagship3_search_srp_jobs,3727358597
Embedded Software Engineer,https://www.linkedin.com/jobs/view/3727542067/?eBP=JOB_SEARCH_ORGANIC&refId=rwpmKe5K65CoeLrumK8hyg%3D%3D&trackingId=0ZJBB8UOUUudWnFIZM3F2A%3D%3D&trk=flagship3_search_srp_jobs,3727542067
"AI-Augmented Software Developer, Skyvera (Remote) - $200,000/year USD",https://www.linkedin.com/jobs/view/3727373102/?eBP=JOB_SEARCH_ORGANIC&refId=rwpmKe5K65CoeLrumK8hyg%3D%3D&trackingId=kG43Gn82tkIBaIRN%2BDiLUA%3D%3D&trk=flagship3_search_srp_jobs,3727373102
Actuary,https://www.linkedin.com/jobs/view/3728746754/?eBP=JOB_SEARCH_ORGANIC&refId=rwpmKe5K65CoeLrumK8hyg%3D%3D&trackingId=lc8iZomPpoWqFo8eqsN3vg%3D%3D&trk=flagship3_search_srp_jobs,3728746754
AI Integration Officer/Senior Machine learning,https://www.linkedin.com/jobs/view/3727503999/?eBP=JOB_SEARCH_ORGANIC&refId=rwpmKe5K65CoeLrumK8hyg%3D%3D&trackingId=s54bRv8sdgBxPRokm5yMtQ%3D%3D&trk=flagship3_search_srp_jobs,3727503999
User Interface Developer,https://www.linkedin.com/jobs/view/3728785404/?eBP=JOB_SEARCH_ORGANIC&refId=rwpmKe5K65CoeLrumK8hyg%3D%3D&trackingId=l0MnGtQzqFo%2Fuj7bjJaZyA%3D%3D&trk=flagship3_search_srp_jobs,3728785404
Customer Service Representative,https://www.linkedin.com/jobs/view/3727540800/?eBP=JOB_SEARCH_ORGANIC&refId=rwpmKe5K65CoeLrumK8hyg%3D%3D&trackingId=br6%2B7AaXuIzDiK9S3aM5Ig%3D%3D&trk=flagship3_search_srp_jobs,3727540800
Finance Executive,https://www.linkedin.com/jobs/view/3727545747/?eBP=JOB_SEARCH_ORGANIC&refId=rwpmKe5K65CoeLrumK8hyg%3D%3D&trackingId=A%2BJ634y6tQbRdXroZ%2F%2FclA%3D%3D&trk=flagship3_search_srp_jobs,3727545747
Game Planner,https://www.linkedin.com/jobs/view/3727394952/?eBP=JOB_SEARCH_ORGANIC&refId=rwpmKe5K65CoeLrumK8hyg%3D%3D&trackingId=%2FSe7zRkqV2hNZ2XlIc9lig%3D%3D&trk=flagship3_search_srp_jobs,3727394952
International Customer Service Representative,https://www.linkedin.com/jobs/view/3727515573/?eBP=JOB_SEARCH_ORGANIC&refId=rwpmKe5K65CoeLrumK8hyg%3D%3D&trackingId=uqkwv3GtMS8KxJutUDAJNg%3D%3D&trk=flagship3_search_srp_jobs,3727515573
Business Sales Executive,https://www.linkedin.com/jobs/view/3727510699/?eBP=JOB_SEARCH_ORGANIC&refId=rwpmKe5K65CoeLrumK8hyg%3D%3D&trackingId=Z5O6QcAWKob0jfOv%2F6O1Jw%3D%3D&trk=flagship3_search_srp_jobs,3727510699
Customer Success Specialist,https://www.linkedin.com/jobs/view/3727552636/?eBP=JOB_SEARCH_ORGANIC&refId=rwpmKe5K65CoeLrumK8hyg%3D%3D&trackingId=T5zWQkZjs4Y04iy6NGQ0Zw%3D%3D&trk=flagship3_search_srp_jobs,3727552636
Senior Manager (Analytics & Insights),https://www.linkedin.com/jobs/view/3728773666/?eBP=JOB_SEARCH_ORGANIC&refId=rwpmKe5K65CoeLrumK8hyg%3D%3D&trackingId=xUu%2FJrcIULcj9DhmKz7ukQ%3D%3D&trk=flagship3_search_srp_jobs,3728773666
Business Development Specialist,https://www.linkedin.com/jobs/view/3727061883/?eBP=JOB_SEARCH_ORGANIC&refId=rwpmKe5K65CoeLrumK8hyg%3D%3D&trackingId=CQ0CbU%2FHqy3jtqCPk4yW6g%3D%3D&trk=flagship3_search_srp_jobs,3727061883
Salesforce Developer,https://www.linkedin.com/jobs/view/3727523944/?eBP=JOB_SEARCH_ORGANIC&refId=rwpmKe5K65CoeLrumK8hyg%3D%3D&trackingId=d6HIYg8pbjRX7S3Ty7U11w%3D%3D&trk=flagship3_search_srp_jobs,3727523944
"Artificial Intelligence Engineer, Trilogy (Remote) - $200,000/year USD",https://www.linkedin.com/jobs/view/3727369630/?eBP=JOB_SEARCH_ORGANIC&refId=rwpmKe5K65CoeLrumK8hyg%3D%3D&trackingId=0%2BRl%2BJ0HUmZq59lcuOrx9A%3D%3D&trk=flagship3_search_srp_jobs,3727369630
Operator,https://www.linkedin.com/jobs/view/3728385053/?eBP=JOB_SEARCH_ORGANIC&refId=rwpmKe5K65CoeLrumK8hyg%3D%3D&trackingId=Y%2F3u%2BdeeHJC%2F5zEzrWLJMw%3D%3D&trk=flagship3_search_srp_jobs,3728385053
Client support specialist,https://www.linkedin.com/jobs/view/3727521558/?eBP=JOB_SEARCH_ORGANIC&refId=rwpmKe5K65CoeLrumK8hyg%3D%3D&trackingId=qlzQw9wi8P4v1nRQ%2B8suVw%3D%3D&trk=flagship3_search_srp_jobs,3727521558
Client Support Specialist,https://www.linkedin.com/jobs/view/3727522558/?eBP=JOB_SEARCH_ORGANIC&refId=rwpmKe5K65CoeLrumK8hyg%3D%3D&trackingId=p1nEGVPL7HR6n4TXCz8YpA%3D%3D&trk=flagship3_search_srp_jobs,3727522558
Assistant Relationship Manager - Direct Sales,https://www.linkedin.com/jobs/view/3727526553/?eBP=JOB_SEARCH_ORGANIC&refId=rwpmKe5K65CoeLrumK8hyg%3D%3D&trackingId=j7oxX2xCcSLMtn0Jp5tW7w%3D%3D&trk=flagship3_search_srp_jobs,3727526553
Technical Advisor for Development of Women Entrepreneurship Policy - Islamabad,https://www.linkedin.com/jobs/view/3725385930/?eBP=JOB_SEARCH_ORGANIC&refId=P82nmlKnEAEf5%2BAy1s%2F9QA%3D%3D&trackingId=DloNZxtWA1JRQfs5yZAmtw%3D%3D&trk=flagship3_search_srp_jobs,3725385930
Sales Business Development,https://www.linkedin.com/jobs/view/3728768317/?eBP=JOB_SEARCH_ORGANIC&refId=P82nmlKnEAEf5%2BAy1s%2F9QA%3D%3D&trackingId=AFlOEOEouSYiwv69nCGk1g%3D%3D&trk=flagship3_search_srp_jobs,3728768317
Social Media Manager,https://www.linkedin.com/jobs/view/3727538731/?eBP=JOB_SEARCH_ORGANIC&refId=P82nmlKnEAEf5%2BAy1s%2F9QA%3D%3D&trackingId=ffmgE0vmGzGLA8GiwgnE6A%3D%3D&trk=flagship3_search_srp_jobs,3727538731
Business Development Specialist,https://www.linkedin.com/jobs/view/3728748849/?eBP=JOB_SEARCH_ORGANIC&refId=P82nmlKnEAEf5%2BAy1s%2F9QA%3D%3D&trackingId=n4qeeSXeJtfz%2F7H%2FCKkEhg%3D%3D&trk=flagship3_search_srp_jobs,3728748849
Team Lead - Velo,https://www.linkedin.com/jobs/view/3728789596/?eBP=JOB_SEARCH_ORGANIC&refId=P82nmlKnEAEf5%2BAy1s%2F9QA%3D%3D&trackingId=u%2Fv1e59PdCGu6SPV0l2s9Q%3D%3D&trk=flagship3_search_srp_jobs,3728789596
"Product Manager, Wholesale Islamic Banking (Mashreq Global Network, Pakistan)",https://www.linkedin.com/jobs/view/3727523773/?eBP=JOB_SEARCH_ORGANIC&refId=P82nmlKnEAEf5%2BAy1s%2F9QA%3D%3D&trackingId=xHpH2sKlrQtVrPAMKNO3lQ%3D%3D&trk=flagship3_search_srp_jobs,3727523773
Senior Machine Learning Engineer,https://www.linkedin.com/jobs/view/3727531381/?eBP=JOB_SEARCH_ORGANIC&refId=P82nmlKnEAEf5%2BAy1s%2F9QA%3D%3D&trackingId=FDN%2Bnneca1gyZtWbgg%2B9aQ%3D%3D&trk=flagship3_search_srp_jobs,3727531381
DevOps Engineer,https://www.linkedin.com/jobs/view/3727527070/?eBP=JOB_SEARCH_ORGANIC&refId=P82nmlKnEAEf5%2BAy1s%2F9QA%3D%3D&trackingId=fdu6MIaCIqMpCVmiSMHtHQ%3D%3D&trk=flagship3_search_srp_jobs,3727527070
Technical Content Writer,https://www.linkedin.com/jobs/view/3727539416/?eBP=JOB_SEARCH_ORGANIC&refId=P82nmlKnEAEf5%2BAy1s%2F9QA%3D%3D&trackingId=G9J4niYpgw9pG0FMoFj3aA%3D%3D&trk=flagship3_search_srp_jobs,3727539416
SEO Specialist,https://www.linkedin.com/jobs/view/3727537544/?eBP=JOB_SEARCH_ORGANIC&refId=P82nmlKnEAEf5%2BAy1s%2F9QA%3D%3D&trackingId=t6IF4PqJlwkfETVqt9WhXA%3D%3D&trk=flagship3_search_srp_jobs,3727537544
Business Development Executive,https://www.linkedin.com/jobs/view/3727509653/?eBP=JOB_SEARCH_ORGANIC&refId=P82nmlKnEAEf5%2BAy1s%2F9QA%3D%3D&trackingId=UKSiiijopiSszfTkC%2BHbjw%3D%3D&trk=flagship3_search_srp_jobs,3727509653
Consultant/Production Manager Detergent Manufacturing Unit,https://www.linkedin.com/jobs/view/3727514495/?eBP=JOB_SEARCH_ORGANIC&refId=P82nmlKnEAEf5%2BAy1s%2F9QA%3D%3D&trackingId=UCW67kIJvUkTE5Y4GROzRQ%3D%3D&trk=flagship3_search_srp_jobs,3727514495
Chat Support Specialist,https://www.linkedin.com/jobs/view/3727396138/?eBP=JOB_SEARCH_ORGANIC&refId=P82nmlKnEAEf5%2BAy1s%2F9QA%3D%3D&trackingId=26AuMHcwcrPIxi90RE0cnw%3D%3D&trk=flagship3_search_srp_jobs,3727396138
Senior Full Stack Engineer,https://www.linkedin.com/jobs/view/3630755338/?eBP=CwEAAAGK1pvoEGLkNd3umK8exdWlzmdh3dC03SHxpVtRLt7S0Nw5AnH-DxbV776cJ1W080WFXq6dT4wBBisN7YTzcTuouI_1YYIzF42yebqIR0W-Smn4Yn8IbmTexp3Q9OBfRerJq_EuRq9e9-ChGJuU-nfHFk-Gqqbe3hAGLb24NcVQrFPAL8UmmWXOv-KABoxXHCo-THTjnqRWsB_85R8YHPKuAYpfSL-S67hivxq2WVAwdm0pUrjN5irNhTx9oW1SutTb9EgdaN7jAI-EVRabcoT9Z1aNBFS85M93HNyZaHEswrvjNsh2V0mM6-U5nQRXfeyxk8a1P2CAXnl85ruNPzwVqCukHwhLoVz-sdqq9WZmgFy8bqXzU3p0x0bty2_VU2YappuBWOq_zA&refId=P82nmlKnEAEf5%2BAy1s%2F9QA%3D%3D&trackingId=OOSHVX1DvRxqImyIVLBikg%3D%3D&trk=flagship3_search_srp_jobs,3630755338
"Application Support Engineer, Skyvera (Remote) - $30,000/year USD",https://www.linkedin.com/jobs/view/3727367883/?eBP=JOB_SEARCH_ORGANIC&refId=P82nmlKnEAEf5%2BAy1s%2F9QA%3D%3D&trackingId=SxH50e6oLFPv%2Bkwt4BX7IQ%3D%3D&trk=flagship3_search_srp_jobs,3727367883
Technical Product Manager,https://www.linkedin.com/jobs/view/3727521979/?eBP=JOB_SEARCH_ORGANIC&refId=P82nmlKnEAEf5%2BAy1s%2F9QA%3D%3D&trackingId=1f3%2F3uUpaPCful6njvupzw%3D%3D&trk=flagship3_search_srp_jobs,3727521979
Sales Executive,https://www.linkedin.com/jobs/view/3724313291/?eBP=JOB_SEARCH_ORGANIC&refId=P82nmlKnEAEf5%2BAy1s%2F9QA%3D%3D&trackingId=89aETnH%2BFXh4aoqxBWjIBw%3D%3D&trk=flagship3_search_srp_jobs,3724313291
Customer Sales Associate,https://www.linkedin.com/jobs/view/3727327355/?eBP=JOB_SEARCH_ORGANIC&refId=P82nmlKnEAEf5%2BAy1s%2F9QA%3D%3D&trackingId=2aC0aZ%2Fq0C%2Bb1msoHvmZ4A%3D%3D&trk=flagship3_search_srp_jobs,3727327355
Marketing Executive,https://www.linkedin.com/jobs/view/3727534717/?eBP=JOB_SEARCH_ORGANIC&refId=P82nmlKnEAEf5%2BAy1s%2F9QA%3D%3D&trackingId=n94j6mjYGLkqIKajkE5Pmw%3D%3D&trk=flagship3_search_srp_jobs,3727534717
Sales Business Development,https://www.linkedin.com/jobs/view/3727513153/?eBP=JOB_SEARCH_ORGANIC&refId=P82nmlKnEAEf5%2BAy1s%2F9QA%3D%3D&trackingId=u6MQGJeoTUJpKz3lgibtPw%3D%3D&trk=flagship3_search_srp_jobs,3727513153
Software Quality Assurance Engineer,https://www.linkedin.com/jobs/view/3727516814/?eBP=JOB_SEARCH_ORGANIC&refId=P82nmlKnEAEf5%2BAy1s%2F9QA%3D%3D&trackingId=TkihUnYA9vuPZHqonJ6MWg%3D%3D&trk=flagship3_search_srp_jobs,3727516814
Investment Advisor,https://www.linkedin.com/jobs/view/3728762212/?eBP=JOB_SEARCH_ORGANIC&refId=P82nmlKnEAEf5%2BAy1s%2F9QA%3D%3D&trackingId=u3qXKzJewOcephuREY%2BYgQ%3D%3D&trk=flagship3_search_srp_jobs,3728762212
Technical Content Writer,https://www.linkedin.com/jobs/view/3727522396/?eBP=JOB_SEARCH_ORGANIC&refId=P82nmlKnEAEf5%2BAy1s%2F9QA%3D%3D&trackingId=bUej%2Fu%2BMjqxzOZdfUsn%2BhA%3D%3D&trk=flagship3_search_srp_jobs,3727522396
Front-End Developer,https://www.linkedin.com/jobs/view/3727310782/?eBP=JOB_SEARCH_ORGANIC&refId=P82nmlKnEAEf5%2BAy1s%2F9QA%3D%3D&trackingId=tcFIuXNeNsFu1bA01bwSuA%3D%3D&trk=flagship3_search_srp_jobs,3727310782
Principal Software Engineer (khi/lhr/Isl),https://www.linkedin.com/jobs/view/3709965100/?eBP=JOB_SEARCH_ORGANIC&refId=P82nmlKnEAEf5%2BAy1s%2F9QA%3D%3D&trackingId=9ZrNJjH%2FzAyh6YBrOapRrQ%3D%3D&trk=flagship3_search_srp_jobs,3709965100
Sales Business Development,https://www.linkedin.com/jobs/view/3727544288/?eBP=JOB_SEARCH_ORGANIC&refId=fQn6RKx0rECUV5a1wyoW3g%3D%3D&trackingId=m4Ms%2FppEVTo5S0heSsXYeQ%3D%3D&trk=flagship3_search_srp_jobs,3727544288
Digital Marketing Manager,https://www.linkedin.com/jobs/view/3725529281/?eBP=JOB_SEARCH_ORGANIC&refId=fQn6RKx0rECUV5a1wyoW3g%3D%3D&trackingId=6w57bNrATYA5kvJDxEKARw%3D%3D&trk=flagship3_search_srp_jobs,3725529281
Search Engine Optimization Team Lead,https://www.linkedin.com/jobs/view/3727537990/?eBP=JOB_SEARCH_ORGANIC&refId=fQn6RKx0rECUV5a1wyoW3g%3D%3D&trackingId=%2BjW2xtiVySSA1JsyH8NKvQ%3D%3D&trk=flagship3_search_srp_jobs,3727537990
Sales And Marketing Specialist,https://www.linkedin.com/jobs/view/3727518020/?eBP=JOB_SEARCH_ORGANIC&refId=fQn6RKx0rECUV5a1wyoW3g%3D%3D&trackingId=tY0D38OS16HXB8dIX0gP9Q%3D%3D&trk=flagship3_search_srp_jobs,3727518020
Google Ads Specialist,https://www.linkedin.com/jobs/view/3724337120/?eBP=JOB_SEARCH_ORGANIC&refId=fQn6RKx0rECUV5a1wyoW3g%3D%3D&trackingId=8JQwmQ19jXmrmHftgAcXIA%3D%3D&trk=flagship3_search_srp_jobs,3724337120
International Travel Agent,https://www.linkedin.com/jobs/view/3727546059/?eBP=JOB_SEARCH_ORGANIC&refId=fQn6RKx0rECUV5a1wyoW3g%3D%3D&trackingId=NgqIuucla1iaU68ov6GHPA%3D%3D&trk=flagship3_search_srp_jobs,3727546059
Senior Business Analyst (Pre-Sales),https://www.linkedin.com/jobs/view/3728630230/?eBP=JOB_SEARCH_ORGANIC&refId=fQn6RKx0rECUV5a1wyoW3g%3D%3D&trackingId=O%2FZrdbiXDNu0zb5mZifs0Q%3D%3D&trk=flagship3_search_srp_jobs,3728630230
Tax Officer,https://www.linkedin.com/jobs/view/3595864714/?eBP=JOB_SEARCH_ORGANIC&refId=fQn6RKx0rECUV5a1wyoW3g%3D%3D&trackingId=lpVQVvzjKPkVnkxhXXxFtQ%3D%3D&trk=flagship3_search_srp_jobs,3595864714
Call Center Representative,https://www.linkedin.com/jobs/view/3728711440/?eBP=JOB_SEARCH_ORGANIC&refId=fQn6RKx0rECUV5a1wyoW3g%3D%3D&trackingId=XVi8USszZqwJ2aT3cFe5Ag%3D%3D&trk=flagship3_search_srp_jobs,3728711440
ARM/RM - Direct Sales - Karachi,https://www.linkedin.com/jobs/view/3727505847/?eBP=JOB_SEARCH_ORGANIC&refId=fQn6RKx0rECUV5a1wyoW3g%3D%3D&trackingId=ptnZiMGwGY9YyRK1XPuizg%3D%3D&trk=flagship3_search_srp_jobs,3727505847
Software Engineer,https://www.linkedin.com/jobs/view/3727546077/?eBP=JOB_SEARCH_ORGANIC&refId=fQn6RKx0rECUV5a1wyoW3g%3D%3D&trackingId=TuauVyH0Ren23nUYQnQ8mg%3D%3D&trk=flagship3_search_srp_jobs,3727546077
Customer Success Manager,https://www.linkedin.com/jobs/view/3728701778/?eBP=JOB_SEARCH_ORGANIC&refId=fQn6RKx0rECUV5a1wyoW3g%3D%3D&trackingId=X%2BNQ%2FT0LRJoodvbhyBJW4Q%3D%3D&trk=flagship3_search_srp_jobs,3728701778
Computer Numerical Control Programmer,https://www.linkedin.com/jobs/view/3728188099/?eBP=JOB_SEARCH_ORGANIC&refId=fQn6RKx0rECUV5a1wyoW3g%3D%3D&trackingId=pDOjYFu6pEP5Hz9uQP8eJQ%3D%3D&trk=flagship3_search_srp_jobs,3728188099
Social Media Marketing Specialist,https://www.linkedin.com/jobs/view/3727536778/?eBP=JOB_SEARCH_ORGANIC&refId=fQn6RKx0rECUV5a1wyoW3g%3D%3D&trackingId=LZ7OmiZiplj2zeQJLuRr%2BQ%3D%3D&trk=flagship3_search_srp_jobs,3727536778
Content Writer,https://www.linkedin.com/jobs/view/3727070835/?eBP=JOB_SEARCH_ORGANIC&refId=fQn6RKx0rECUV5a1wyoW3g%3D%3D&trackingId=qXehoCrLaA1WNqyuklYFIw%3D%3D&trk=flagship3_search_srp_jobs,3727070835
eBay Account Expert,https://www.linkedin.com/jobs/view/3727331715/?eBP=JOB_SEARCH_ORGANIC&refId=fQn6RKx0rECUV5a1wyoW3g%3D%3D&trackingId=xR5Ip7bINRlxJgs%2B5K%2Bk%2Fg%3D%3D&trk=flagship3_search_srp_jobs,3727331715
"Link Builder & Outreach Specialist - HARO, Terkel",https://www.linkedin.com/jobs/view/3727396682/?eBP=JOB_SEARCH_ORGANIC&refId=fQn6RKx0rECUV5a1wyoW3g%3D%3D&trackingId=2NX5yibIrtAnNj%2BePa5XAg%3D%3D&trk=flagship3_search_srp_jobs,3727396682
Premises Management Officer,https://www.linkedin.com/jobs/view/3728779222/?eBP=JOB_SEARCH_ORGANIC&refId=fQn6RKx0rECUV5a1wyoW3g%3D%3D&trackingId=LWpQvTqag93%2BFcRokNu0dg%3D%3D&trk=flagship3_search_srp_jobs,3728779222
Call Center Verifier,https://www.linkedin.com/jobs/view/3725501878/?eBP=JOB_SEARCH_ORGANIC&refId=fQn6RKx0rECUV5a1wyoW3g%3D%3D&trackingId=t3uYpQ25zwobAz1EoBq1NQ%3D%3D&trk=flagship3_search_srp_jobs,3725501878
Project Manager,https://www.linkedin.com/jobs/view/3727508805/?eBP=JOB_SEARCH_ORGANIC&refId=fQn6RKx0rECUV5a1wyoW3g%3D%3D&trackingId=g6eeCsy1ZsRbJxXKINqRGw%3D%3D&trk=flagship3_search_srp_jobs,3727508805
App Store Optimization (ASO) Manager,https://www.linkedin.com/jobs/view/3727070697/?eBP=JOB_SEARCH_ORGANIC&refId=fQn6RKx0rECUV5a1wyoW3g%3D%3D&trackingId=VGD9HlNeWSTYuoKS9%2FrU7Q%3D%3D&trk=flagship3_search_srp_jobs,3727070697
Product Owner,https://www.linkedin.com/jobs/view/3727338724/?eBP=JOB_SEARCH_ORGANIC&refId=fQn6RKx0rECUV5a1wyoW3g%3D%3D&trackingId=V%2Ba3drxWpN5ZPymcPyYdcw%3D%3D&trk=flagship3_search_srp_jobs,3727338724
Associate- Project Sales,https://www.linkedin.com/jobs/view/3727066437/?eBP=JOB_SEARCH_ORGANIC&refId=fQn6RKx0rECUV5a1wyoW3g%3D%3D&trackingId=4D5k2LVIUsGvXhmMFlUIVA%3D%3D&trk=flagship3_search_srp_jobs,3727066437
Foreign Educational Counselor,https://www.linkedin.com/jobs/view/3718969719/?eBP=JOB_SEARCH_ORGANIC&refId=fQn6RKx0rECUV5a1wyoW3g%3D%3D&trackingId=BvC74o5JlZbjzZCUGGux%2Bw%3D%3D&trk=flagship3_search_srp_jobs,3718969719
Associate Project Sales,https://www.linkedin.com/jobs/view/3727069048/?eBP=JOB_SEARCH_ORGANIC&refId=fQn6RKx0rECUV5a1wyoW3g%3D%3D&trackingId=Cmud5D%2FUftkQ5yvuZJOXBg%3D%3D&trk=flagship3_search_srp_jobs,3727069048
PPC Manager,https://www.linkedin.com/jobs/view/3727509078/?eBP=JOB_SEARCH_ORGANIC&refId=VeUNvXisKe1%2BqcO8id4Ycw%3D%3D&trackingId=3KSU%2Fn6q2J5NAO0RV0rPGQ%3D%3D&trk=flagship3_search_srp_jobs,3727509078
Outbound Sales Specialist,https://www.linkedin.com/jobs/view/3727537100/?eBP=JOB_SEARCH_ORGANIC&refId=VeUNvXisKe1%2BqcO8id4Ycw%3D%3D&trackingId=6dQ9unWnj9lJqgtYkTMPcQ%3D%3D&trk=flagship3_search_srp_jobs,3727537100
Web Content Writer,https://www.linkedin.com/jobs/view/3727536507/?eBP=JOB_SEARCH_ORGANIC&refId=VeUNvXisKe1%2BqcO8id4Ycw%3D%3D&trackingId=QR0MlTP4ZATu8oammNXQIA%3D%3D&trk=flagship3_search_srp_jobs,3727536507
Graphic Designer Intern,https://www.linkedin.com/jobs/view/3727530878/?eBP=JOB_SEARCH_ORGANIC&refId=VeUNvXisKe1%2BqcO8id4Ycw%3D%3D&trackingId=tJYLsfVBrGGu9SlR62u0SQ%3D%3D&trk=flagship3_search_srp_jobs,3727530878
DevOps Engineer,https://www.linkedin.com/jobs/view/3727553403/?eBP=JOB_SEARCH_ORGANIC&refId=VeUNvXisKe1%2BqcO8id4Ycw%3D%3D&trackingId=AjKIwVBlsvAFijYzzJ2iIA%3D%3D&trk=flagship3_search_srp_jobs,3727553403
Customer Success Specialist,https://www.linkedin.com/jobs/view/3727518895/?eBP=JOB_SEARCH_ORGANIC&refId=VeUNvXisKe1%2BqcO8id4Ycw%3D%3D&trackingId=Xye2lgaR7bFETJZlrrDeTw%3D%3D&trk=flagship3_search_srp_jobs,3727518895
flutter Developer,https://www.linkedin.com/jobs/view/3723285166/?eBP=JOB_SEARCH_ORGANIC&refId=VeUNvXisKe1%2BqcO8id4Ycw%3D%3D&trackingId=k0D1NTfkDSY9W4jiMLXLlg%3D%3D&trk=flagship3_search_srp_jobs,3723285166
Recruitment Consultant,https://www.linkedin.com/jobs/view/3727075137/?eBP=JOB_SEARCH_ORGANIC&refId=VeUNvXisKe1%2BqcO8id4Ycw%3D%3D&trackingId=lxCyx6tjLWrpzAIdowloRw%3D%3D&trk=flagship3_search_srp_jobs,3727075137
Manager - Public Affairs,https://www.linkedin.com/jobs/view/3727539505/?eBP=JOB_SEARCH_ORGANIC&refId=VeUNvXisKe1%2BqcO8id4Ycw%3D%3D&trackingId=3VSUfAIxwKFNZ9WCGr3UPQ%3D%3D&trk=flagship3_search_srp_jobs,3727539505
Business Development Manager,https://www.linkedin.com/jobs/view/3674922070/?eBP=JOB_SEARCH_ORGANIC&refId=VeUNvXisKe1%2BqcO8id4Ycw%3D%3D&trackingId=5n%2BGho90SKT6gD6RHpw3WQ%3D%3D&trk=flagship3_search_srp_jobs,3674922070
Sales Executive,https://www.linkedin.com/jobs/view/3724341029/?eBP=JOB_SEARCH_ORGANIC&refId=VeUNvXisKe1%2BqcO8id4Ycw%3D%3D&trackingId=Ho3Rb%2F0BQLelzCQQr5JaJw%3D%3D&trk=flagship3_search_srp_jobs,3724341029
Human Resources Executive,https://www.linkedin.com/jobs/view/3727545143/?eBP=JOB_SEARCH_ORGANIC&refId=VeUNvXisKe1%2BqcO8id4Ycw%3D%3D&trackingId=P5s2Pojz29fBJo7YX6b%2B3w%3D%3D&trk=flagship3_search_srp_jobs,3727545143
Performance Marketing Specialist,https://www.linkedin.com/jobs/view/3727532059/?eBP=JOB_SEARCH_ORGANIC&refId=VeUNvXisKe1%2BqcO8id4Ycw%3D%3D&trackingId=nch91IR9EbX1F5ckvnPAaA%3D%3D&trk=flagship3_search_srp_jobs,3727532059
Social Media Manager,https://www.linkedin.com/jobs/view/3723679808/?eBP=JOB_SEARCH_ORGANIC&refId=VeUNvXisKe1%2BqcO8id4Ycw%3D%3D&trackingId=idn7rFrpIkjs0n%2BnOnFXdg%3D%3D&trk=flagship3_search_srp_jobs,3723679808
IBM Gardium Security Engineer,https://www.linkedin.com/jobs/view/3727517051/?eBP=JOB_SEARCH_ORGANIC&refId=VeUNvXisKe1%2BqcO8id4Ycw%3D%3D&trackingId=fV5LbUZ2%2B7tWr%2BfbzJ%2FKxw%3D%3D&trk=flagship3_search_srp_jobs,3727517051
Trade Finance Professionals,https://www.linkedin.com/jobs/view/3728772931/?eBP=JOB_SEARCH_ORGANIC&refId=VeUNvXisKe1%2BqcO8id4Ycw%3D%3D&trackingId=%2BvpNVfPhikEP9o1uiBV2Bw%3D%3D&trk=flagship3_search_srp_jobs,3728772931
Shopify Back End Developer,https://www.linkedin.com/jobs/view/3727522729/?eBP=JOB_SEARCH_ORGANIC&refId=VeUNvXisKe1%2BqcO8id4Ycw%3D%3D&trackingId=bR89sUOY3%2Bjjx8L%2Bye1JiA%3D%3D&trk=flagship3_search_srp_jobs,3727522729
Software Engineer,https://www.linkedin.com/jobs/view/3727508772/?eBP=JOB_SEARCH_ORGANIC&refId=VeUNvXisKe1%2BqcO8id4Ycw%3D%3D&trackingId=NYBpGqKcIv9gGSrc8ynNpA%3D%3D&trk=flagship3_search_srp_jobs,3727508772
Upwork Bidder,https://www.linkedin.com/jobs/view/3727510685/?eBP=JOB_SEARCH_ORGANIC&refId=VeUNvXisKe1%2BqcO8id4Ycw%3D%3D&trackingId=8wRLOsVJ%2F%2FV9r%2F9K%2FhoDJw%3D%3D&trk=flagship3_search_srp_jobs,3727510685
International Sales Executive,https://www.linkedin.com/jobs/view/3717054373/?eBP=JOB_SEARCH_ORGANIC&refId=VeUNvXisKe1%2BqcO8id4Ycw%3D%3D&trackingId=JqSwSoqP3codG87lvajl2w%3D%3D&trk=flagship3_search_srp_jobs,3717054373
Cloud Computing Trainer,https://www.linkedin.com/jobs/view/3703625031/?eBP=JOB_SEARCH_ORGANIC&refId=VeUNvXisKe1%2BqcO8id4Ycw%3D%3D&trackingId=AnMN%2F84miw8AGSlzNZCB%2Bw%3D%3D&trk=flagship3_search_srp_jobs,3703625031
Dotnet Developer,https://www.linkedin.com/jobs/view/3727545076/?eBP=JOB_SEARCH_ORGANIC&refId=VeUNvXisKe1%2BqcO8id4Ycw%3D%3D&trackingId=hnD0Rk1LanAK0Fui3V3uUQ%3D%3D&trk=flagship3_search_srp_jobs,3727545076
Media Buyer,https://www.linkedin.com/jobs/view/3727077796/?eBP=JOB_SEARCH_ORGANIC&refId=VeUNvXisKe1%2BqcO8id4Ycw%3D%3D&trackingId=mZoYChKk0D2KLQlc%2FrVTnQ%3D%3D&trk=flagship3_search_srp_jobs,3727077796
Field Research Interviewer,https://www.linkedin.com/jobs/view/3727085245/?eBP=JOB_SEARCH_ORGANIC&refId=VeUNvXisKe1%2BqcO8id4Ycw%3D%3D&trackingId=Wkl7mNI%2FyX6MaPOtN1bAFQ%3D%3D&trk=flagship3_search_srp_jobs,3727085245
Feild Sales Officers,https://www.linkedin.com/jobs/view/3727524286/?eBP=JOB_SEARCH_ORGANIC&refId=VeUNvXisKe1%2BqcO8id4Ycw%3D%3D&trackingId=5Zch7Sia6OEdU5pYBWzGeg%3D%3D&trk=flagship3_search_srp_jobs,3727524286
Design Executive,https://www.linkedin.com/jobs/view/3727397379/?eBP=JOB_SEARCH_ORGANIC&refId=M5pzcFl2IkDT766%2FsUCIGA%3D%3D&trackingId=RWDPJ%2BllPkxk3v1GBlVeCw%3D%3D&trk=flagship3_search_srp_jobs,3727397379
Software Engineer,https://www.linkedin.com/jobs/view/3709372148/?eBP=JOB_SEARCH_ORGANIC&refId=M5pzcFl2IkDT766%2FsUCIGA%3D%3D&trackingId=Y%2FLM7n1qHsov0NyP%2FS6f9Q%3D%3D&trk=flagship3_search_srp_jobs,3709372148
Creative Strategist,https://www.linkedin.com/jobs/view/3727525063/?eBP=JOB_SEARCH_ORGANIC&refId=M5pzcFl2IkDT766%2FsUCIGA%3D%3D&trackingId=NUslPu6pP4Gq4dp6mfT4mg%3D%3D&trk=flagship3_search_srp_jobs,3727525063
Senior Franchise Manager - Karachi Based,https://www.linkedin.com/jobs/view/3727515942/?eBP=JOB_SEARCH_ORGANIC&refId=M5pzcFl2IkDT766%2FsUCIGA%3D%3D&trackingId=996KdOvaZWb8YH4Nnp%2BF9A%3D%3D&trk=flagship3_search_srp_jobs,3727515942
Full Stack Dotnet Developer with Angular,https://www.linkedin.com/jobs/view/3727530550/?eBP=JOB_SEARCH_ORGANIC&refId=M5pzcFl2IkDT766%2FsUCIGA%3D%3D&trackingId=cdSwfWqrCszFPWcAblqa7w%3D%3D&trk=flagship3_search_srp_jobs,3727530550
Sales Representative (Remote Based),https://www.linkedin.com/jobs/view/3727546823/?eBP=JOB_SEARCH_ORGANIC&refId=M5pzcFl2IkDT766%2FsUCIGA%3D%3D&trackingId=nfg0YUtLvHjnasju0UUK2w%3D%3D&trk=flagship3_search_srp_jobs,3727546823
"AI Super Engineer, Trilogy (Remote) - $200,000/year USD",https://www.linkedin.com/jobs/view/3727365910/?eBP=JOB_SEARCH_ORGANIC&refId=M5pzcFl2IkDT766%2FsUCIGA%3D%3D&trackingId=Yziv4OK%2B0M49utmzX03vcw%3D%3D&trk=flagship3_search_srp_jobs,3727365910
International Business Trade Developer- Pakistan/Bangladesh,https://www.linkedin.com/jobs/view/3728333845/?eBP=JOB_SEARCH_ORGANIC&refId=M5pzcFl2IkDT766%2FsUCIGA%3D%3D&trackingId=tvZwU6RlTBfOncpXJ7eHcw%3D%3D&trk=flagship3_search_srp_jobs,3728333845
ReactJS Developer,https://www.linkedin.com/jobs/view/3594943944/?eBP=JOB_SEARCH_ORGANIC&refId=M5pzcFl2IkDT766%2FsUCIGA%3D%3D&trackingId=DfUUn%2F%2Bw3B9gouAoiE4Bag%3D%3D&trk=flagship3_search_srp_jobs,3594943944
Associate Proefssor-Pakistan- remote,https://www.linkedin.com/jobs/view/3728764042/?eBP=JOB_SEARCH_ORGANIC&refId=M5pzcFl2IkDT766%2FsUCIGA%3D%3D&trackingId=MQL4YT994hFR0y4NfUQZ4Q%3D%3D&trk=flagship3_search_srp_jobs,3728764042
SEO Manager,https://www.linkedin.com/jobs/view/3727511778/?eBP=JOB_SEARCH_ORGANIC&refId=M5pzcFl2IkDT766%2FsUCIGA%3D%3D&trackingId=j%2BaVvrd88I5P0PLc4mQwag%3D%3D&trk=flagship3_search_srp_jobs,3727511778
Call Center Agent,https://www.linkedin.com/jobs/view/3727541238/?eBP=JOB_SEARCH_ORGANIC&refId=M5pzcFl2IkDT766%2FsUCIGA%3D%3D&trackingId=LLh4sUFG%2Bzud4XZWSTAWbg%3D%3D&trk=flagship3_search_srp_jobs,3727541238
Senior Python Developer,https://www.linkedin.com/jobs/view/3727536797/?eBP=JOB_SEARCH_ORGANIC&refId=M5pzcFl2IkDT766%2FsUCIGA%3D%3D&trackingId=6a%2BHBuqZJIneZUBrEbP9PA%3D%3D&trk=flagship3_search_srp_jobs,3727536797
Quality Assurance Specialist,https://www.linkedin.com/jobs/view/3728611434/?eBP=JOB_SEARCH_ORGANIC&refId=M5pzcFl2IkDT766%2FsUCIGA%3D%3D&trackingId=ieWFdhG28RaX%2F2qHM7YDlQ%3D%3D&trk=flagship3_search_srp_jobs,3728611434
Business Development Representative,https://www.linkedin.com/jobs/view/3727074078/?eBP=JOB_SEARCH_ORGANIC&refId=M5pzcFl2IkDT766%2FsUCIGA%3D%3D&trackingId=yM9yXvEJRCrWqCKPP7%2FtUw%3D%3D&trk=flagship3_search_srp_jobs,3727074078
Associate Proefssor-Pakistan- remote,https://www.linkedin.com/jobs/view/3728759960/?eBP=JOB_SEARCH_ORGANIC&refId=M5pzcFl2IkDT766%2FsUCIGA%3D%3D&trackingId=doEXXKUz3V8rUyAb5ByXmQ%3D%3D&trk=flagship3_search_srp_jobs,3728759960
Cloud Engineer,https://www.linkedin.com/jobs/view/3726335649/?eBP=JOB_SEARCH_ORGANIC&refId=M5pzcFl2IkDT766%2FsUCIGA%3D%3D&trackingId=le5VV47BqHPVDhKxp4DGhQ%3D%3D&trk=flagship3_search_srp_jobs,3726335649
HR Recruitment Officer/ Recruiter,https://www.linkedin.com/jobs/view/3727523534/?eBP=JOB_SEARCH_ORGANIC&refId=M5pzcFl2IkDT766%2FsUCIGA%3D%3D&trackingId=cLmcnb7WphG0OtqZRuVrkw%3D%3D&trk=flagship3_search_srp_jobs,3727523534
Banking & Insurance Executives,https://www.linkedin.com/jobs/view/3727059999/?eBP=JOB_SEARCH_ORGANIC&refId=M5pzcFl2IkDT766%2FsUCIGA%3D%3D&trackingId=gHrFj6B%2B7gwgu%2BFJrn1nwg%3D%3D&trk=flagship3_search_srp_jobs,3727059999
Principal Software Engineer,https://www.linkedin.com/jobs/view/3727542635/?eBP=JOB_SEARCH_ORGANIC&refId=M5pzcFl2IkDT766%2FsUCIGA%3D%3D&trackingId=17apfIrOC6lcUa%2FYrE2zIw%3D%3D&trk=flagship3_search_srp_jobs,3727542635
Career Guidance & Placement Associate,https://www.linkedin.com/jobs/view/3725546247/?eBP=JOB_SEARCH_ORGANIC&refId=M5pzcFl2IkDT766%2FsUCIGA%3D%3D&trackingId=BndVhJEX86o%2BSUUUyJc4wA%3D%3D&trk=flagship3_search_srp_jobs,3725546247
Customer Service Representative Female,https://www.linkedin.com/jobs/view/3727396107/?eBP=JOB_SEARCH_ORGANIC&refId=M5pzcFl2IkDT766%2FsUCIGA%3D%3D&trackingId=0pFEQNg%2BufAod1Ork0lQdw%3D%3D&trk=flagship3_search_srp_jobs,3727396107
International Sales Executive,https://www.linkedin.com/jobs/view/3727313921/?eBP=JOB_SEARCH_ORGANIC&refId=M5pzcFl2IkDT766%2FsUCIGA%3D%3D&trackingId=RLBPt9%2BJPB9A4zLeZiQzpw%3D%3D&trk=flagship3_search_srp_jobs,3727313921
Full Stack Developer with 1.5 Years of Experience,https://www.linkedin.com/jobs/view/3727541235/?eBP=JOB_SEARCH_ORGANIC&refId=M5pzcFl2IkDT766%2FsUCIGA%3D%3D&trackingId=iMKT658vGu1b5PjeIdNj9Q%3D%3D&trk=flagship3_search_srp_jobs,3727541235
HR Generalist,https://www.linkedin.com/jobs/view/3727511274/?eBP=JOB_SEARCH_ORGANIC&refId=M5pzcFl2IkDT766%2FsUCIGA%3D%3D&trackingId=1geMxD6w8xboqh4U2VXhtg%3D%3D&trk=flagship3_search_srp_jobs,3727511274
"Senior Technical Support Analyst, Skyvera (Remote) - $30,000/year USD",https://www.linkedin.com/jobs/view/3727368854/?eBP=JOB_SEARCH_ORGANIC&refId=YU1OeFGEkIw6KWwfiRcGGw%3D%3D&trackingId=eE%2FuRmfnMYASw3ujTOLiCA%3D%3D&trk=flagship3_search_srp_jobs,3727368854
Medical Billing Specialist,https://www.linkedin.com/jobs/view/3727526652/?eBP=JOB_SEARCH_ORGANIC&refId=YU1OeFGEkIw6KWwfiRcGGw%3D%3D&trackingId=lGONlft%2FaqWDyf5nfylWlQ%3D%3D&trk=flagship3_search_srp_jobs,3727526652
Chemistry Teacher,https://www.linkedin.com/jobs/view/3727507238/?eBP=JOB_SEARCH_ORGANIC&refId=YU1OeFGEkIw6KWwfiRcGGw%3D%3D&trackingId=sf6IjIxvDAE3x6zhjlD7jw%3D%3D&trk=flagship3_search_srp_jobs,3727507238
Senior Officer Quality Assurance - Admissions,https://www.linkedin.com/jobs/view/3728792706/?eBP=JOB_SEARCH_ORGANIC&refId=YU1OeFGEkIw6KWwfiRcGGw%3D%3D&trackingId=DXwhYQPZj9MYvD0nDLUP5g%3D%3D&trk=flagship3_search_srp_jobs,3728792706
Senior Sales Executive,https://www.linkedin.com/jobs/view/3725537537/?eBP=JOB_SEARCH_ORGANIC&refId=YU1OeFGEkIw6KWwfiRcGGw%3D%3D&trackingId=SytToH2y82mlGvYfw5QOSw%3D%3D&trk=flagship3_search_srp_jobs,3725537537
Gobal Sales Associates,https://www.linkedin.com/jobs/view/3727070768/?eBP=JOB_SEARCH_ORGANIC&refId=YU1OeFGEkIw6KWwfiRcGGw%3D%3D&trackingId=UF6CyvbC1HFBI4Nqd%2Bgn1Q%3D%3D&trk=flagship3_search_srp_jobs,3727070768
Linux System Administrator,https://www.linkedin.com/jobs/view/3727553820/?eBP=JOB_SEARCH_ORGANIC&refId=YU1OeFGEkIw6KWwfiRcGGw%3D%3D&trackingId=lZubW4T9X9ea%2BY3%2B18XCng%3D%3D&trk=flagship3_search_srp_jobs,3727553820
Bark Sales Specialist,https://www.linkedin.com/jobs/view/3727078592/?eBP=JOB_SEARCH_ORGANIC&refId=YU1OeFGEkIw6KWwfiRcGGw%3D%3D&trackingId=K9ZEiFWJGz4OFpDyKPfLjA%3D%3D&trk=flagship3_search_srp_jobs,3727078592
"Software Engineer, Skyvera (Remote) - $200,000/year USD",https://www.linkedin.com/jobs/view/3727373053/?eBP=JOB_SEARCH_ORGANIC&refId=YU1OeFGEkIw6KWwfiRcGGw%3D%3D&trackingId=DH3nAf7l3765%2BhC0V4Wq1w%3D%3D&trk=flagship3_search_srp_jobs,3727373053
Game Marketer Manager,https://www.linkedin.com/jobs/view/3727540616/?eBP=JOB_SEARCH_ORGANIC&refId=YU1OeFGEkIw6KWwfiRcGGw%3D%3D&trackingId=jKeTRaHzxt%2Bk56TWT0ogwg%3D%3D&trk=flagship3_search_srp_jobs,3727540616
Front-End Developer,https://www.linkedin.com/jobs/view/3726338251/?eBP=JOB_SEARCH_ORGANIC&refId=YU1OeFGEkIw6KWwfiRcGGw%3D%3D&trackingId=1fKfr7JfSWFZm%2BMZyeAaCg%3D%3D&trk=flagship3_search_srp_jobs,3726338251
"Software Engineer, Skyvera (Remote) - $200,000/year USD",https://www.linkedin.com/jobs/view/3727367725/?eBP=JOB_SEARCH_ORGANIC&refId=YU1OeFGEkIw6KWwfiRcGGw%3D%3D&trackingId=QqpraG14OUyrDCaGika8Xg%3D%3D&trk=flagship3_search_srp_jobs,3727367725
Software/Application Developer,https://www.linkedin.com/jobs/view/3727096836/?eBP=JOB_SEARCH_ORGANIC&refId=YU1OeFGEkIw6KWwfiRcGGw%3D%3D&trackingId=z2U3gP0yiq2tkGZaGEnhfw%3D%3D&trk=flagship3_search_srp_jobs,3727096836
Digital Treatment Planning - Trainer,https://www.linkedin.com/jobs/view/3728327991/?eBP=JOB_SEARCH_ORGANIC&refId=YU1OeFGEkIw6KWwfiRcGGw%3D%3D&trackingId=lT51ue00ZaFbJgjFz02%2FhA%3D%3D&trk=flagship3_search_srp_jobs,3728327991
Linkedin Marketing Specialist,https://www.linkedin.com/jobs/view/3727511782/?eBP=JOB_SEARCH_ORGANIC&refId=YU1OeFGEkIw6KWwfiRcGGw%3D%3D&trackingId=4Q4baY5z0f6HdaigukLOEQ%3D%3D&trk=flagship3_search_srp_jobs,3727511782
,https://www.linkedin.com/jobs/view/3727511782/?eBP=JOB_SEARCH_ORGANIC&refId=YU1OeFGEkIw6KWwfiRcGGw%3D%3D&trackingId=4Q4baY5z0f6HdaigukLOEQ%3D%3D&trk=flagship3_search_srp_jobs,3727511782
,https://www.linkedin.com/jobs/view/3727511782/?eBP=JOB_SEARCH_ORGANIC&refId=YU1OeFGEkIw6KWwfiRcGGw%3D%3D&trackingId=4Q4baY5z0f6HdaigukLOEQ%3D%3D&trk=flagship3_search_srp_jobs,3727511782
,https://www.linkedin.com/jobs/view/3727511782/?eBP=JOB_SEARCH_ORGANIC&refId=YU1OeFGEkIw6KWwfiRcGGw%3D%3D&trackingId=4Q4baY5z0f6HdaigukLOEQ%3D%3D&trk=flagship3_search_srp_jobs,3727511782
Sales Consultant (Project Sales),https://www.linkedin.com/jobs/view/3727066470/?eBP=JOB_SEARCH_ORGANIC&refId=YU1OeFGEkIw6KWwfiRcGGw%3D%3D&trackingId=%2Fo8pXHaZwIppg0qr54XJOw%3D%3D&trk=flagship3_search_srp_jobs,3727066470
Corporate Secretary,https://www.linkedin.com/jobs/view/3727539678/?eBP=JOB_SEARCH_ORGANIC&refId=YU1OeFGEkIw6KWwfiRcGGw%3D%3D&trackingId=4UYzbroe2rnt8OZYPtPITg%3D%3D&trk=flagship3_search_srp_jobs,3727539678
Closer,https://www.linkedin.com/jobs/view/3727319068/?eBP=JOB_SEARCH_ORGANIC&refId=YU1OeFGEkIw6KWwfiRcGGw%3D%3D&trackingId=9YqmHa4qw9%2FNAOgLW9X2VA%3D%3D&trk=flagship3_search_srp_jobs,3727319068
"Software Engineer, Skyvera (Remote) - $200,000/year USD",https://www.linkedin.com/jobs/view/3727370435/?eBP=JOB_SEARCH_ORGANIC&refId=YU1OeFGEkIw6KWwfiRcGGw%3D%3D&trackingId=%2FDR380vYw0F6NkS3GiZGeg%3D%3D&trk=flagship3_search_srp_jobs,3727370435
Telesales Executive,https://www.linkedin.com/jobs/view/3727515968/?eBP=JOB_SEARCH_ORGANIC&refId=YU1OeFGEkIw6KWwfiRcGGw%3D%3D&trackingId=XO8f4hCXIlvoQLczBjD0fQ%3D%3D&trk=flagship3_search_srp_jobs,3727515968
Assistant Manager Sales/Sales Executive,https://www.linkedin.com/jobs/view/3727057147/?eBP=JOB_SEARCH_ORGANIC&refId=R8u2%2F%2BzNBlIdVXXudxYqDQ%3D%3D&trackingId=XOoo7UeniFr9PXtjaW2EOw%3D%3D&trk=flagship3_search_srp_jobs,3727057147
Coordinator Regulatory,https://www.linkedin.com/jobs/view/3728613178/?eBP=JOB_SEARCH_ORGANIC&refId=R8u2%2F%2BzNBlIdVXXudxYqDQ%3D%3D&trackingId=wosy7fMPSnq565naYzJVew%3D%3D&trk=flagship3_search_srp_jobs,3728613178
Business Development Officer,https://www.linkedin.com/jobs/view/3727543091/?eBP=JOB_SEARCH_ORGANIC&refId=R8u2%2F%2BzNBlIdVXXudxYqDQ%3D%3D&trackingId=bhrxH%2BmiRd%2BZFB8ZUNrXHQ%3D%3D&trk=flagship3_search_srp_jobs,3727543091
Senior Sales Executive,https://www.linkedin.com/jobs/view/3727506590/?eBP=JOB_SEARCH_ORGANIC&refId=R8u2%2F%2BzNBlIdVXXudxYqDQ%3D%3D&trackingId=gnQCtA3P76d7SM10qY5lZw%3D%3D&trk=flagship3_search_srp_jobs,3727506590
Territory Sales Manager,https://www.linkedin.com/jobs/view/3728790371/?eBP=JOB_SEARCH_ORGANIC&refId=R8u2%2F%2BzNBlIdVXXudxYqDQ%3D%3D&trackingId=qF5B0qXjxGFGP4M4V4lY9w%3D%3D&trk=flagship3_search_srp_jobs,3728790371
WEB & APP Admin,https://www.linkedin.com/jobs/view/3728605671/?eBP=JOB_SEARCH_ORGANIC&refId=R8u2%2F%2BzNBlIdVXXudxYqDQ%3D%3D&trackingId=M9gJ7qIDyM9zom5hWPA61w%3D%3D&trk=flagship3_search_srp_jobs,3728605671
Personal Assistant,https://www.linkedin.com/jobs/view/3727072392/?eBP=JOB_SEARCH_ORGANIC&refId=R8u2%2F%2BzNBlIdVXXudxYqDQ%3D%3D&trackingId=HVDwUcKMh0YnHE82%2BwD6Xw%3D%3D&trk=flagship3_search_srp_jobs,3727072392
"Senior Technical Support Engineer, Skyvera (Remote) - $30,000/year USD",https://www.linkedin.com/jobs/view/3727374000/?eBP=JOB_SEARCH_ORGANIC&refId=R8u2%2F%2BzNBlIdVXXudxYqDQ%3D%3D&trackingId=Ms3U9LQYNxl9STl6M58ODQ%3D%3D&trk=flagship3_search_srp_jobs,3727374000
Data Migration - Senior Consultant,https://www.linkedin.com/jobs/view/3700202777/?eBP=JOB_SEARCH_ORGANIC&refId=R8u2%2F%2BzNBlIdVXXudxYqDQ%3D%3D&trackingId=rw9boSGYN5kGRidmr89KWw%3D%3D&trk=flagship3_search_srp_jobs,3700202777
Sales And Marketing Specialist,https://www.linkedin.com/jobs/view/3727505848/?eBP=JOB_SEARCH_ORGANIC&refId=R8u2%2F%2BzNBlIdVXXudxYqDQ%3D%3D&trackingId=v%2B8ClO%2FxvJ0p3gcQpAe%2Bxw%3D%3D&trk=flagship3_search_srp_jobs,3727505848
DevOps Engineer,https://www.linkedin.com/jobs/view/3727333105/?eBP=JOB_SEARCH_ORGANIC&refId=R8u2%2F%2BzNBlIdVXXudxYqDQ%3D%3D&trackingId=opoHzKI3PxnGatncY4%2BVpw%3D%3D&trk=flagship3_search_srp_jobs,3727333105
Software Engineer (React js),https://www.linkedin.com/jobs/view/3727541126/?eBP=JOB_SEARCH_ORGANIC&refId=R8u2%2F%2BzNBlIdVXXudxYqDQ%3D%3D&trackingId=PW3ALsWMrNS7MOcuHsr9uQ%3D%3D&trk=flagship3_search_srp_jobs,3727541126
Senior Innovation Specialist,https://www.linkedin.com/jobs/view/3727397345/?eBP=JOB_SEARCH_ORGANIC&refId=R8u2%2F%2BzNBlIdVXXudxYqDQ%3D%3D&trackingId=%2FLvhVpQlh7at%2FfnCOVjP1w%3D%3D&trk=flagship3_search_srp_jobs,3727397345
Assistant Professor,https://www.linkedin.com/jobs/view/3727508753/?eBP=JOB_SEARCH_ORGANIC&refId=R8u2%2F%2BzNBlIdVXXudxYqDQ%3D%3D&trackingId=S9YV%2FzcMKXEtsF6%2F5JMjCQ%3D%3D&trk=flagship3_search_srp_jobs,3727508753
Dotnet Developer,https://www.linkedin.com/jobs/view/3727536004/?eBP=JOB_SEARCH_ORGANIC&refId=R8u2%2F%2BzNBlIdVXXudxYqDQ%3D%3D&trackingId=xIEPe%2BGFnzSHV035cDe6yA%3D%3D&trk=flagship3_search_srp_jobs,3727536004
Driller,https://www.linkedin.com/jobs/view/3725537293/?eBP=JOB_SEARCH_ORGANIC&refId=R8u2%2F%2BzNBlIdVXXudxYqDQ%3D%3D&trackingId=OjZOmYxRg4Z2soV12mycRA%3D%3D&trk=flagship3_search_srp_jobs,3725537293
Technical Advisor Environmental Health - Asia,https://www.linkedin.com/jobs/view/3679509233/?eBP=JOB_SEARCH_ORGANIC&refId=R8u2%2F%2BzNBlIdVXXudxYqDQ%3D%3D&trackingId=zobjozHFTZGOmRnqyaPsqA%3D%3D&trk=flagship3_search_srp_jobs,3679509233
Cyber-Security Expert,https://www.linkedin.com/jobs/view/3727555018/?eBP=JOB_SEARCH_ORGANIC&refId=R8u2%2F%2BzNBlIdVXXudxYqDQ%3D%3D&trackingId=x0fTYpopHO%2FcCBUpm93H%2FA%3D%3D&trk=flagship3_search_srp_jobs,3727555018
Upwork Specialist,https://www.linkedin.com/jobs/view/3727512115/?eBP=JOB_SEARCH_ORGANIC&refId=R8u2%2F%2BzNBlIdVXXudxYqDQ%3D%3D&trackingId=VffJJz3lx2bLdAEwxzfMLA%3D%3D&trk=flagship3_search_srp_jobs,3727512115
Specialist - Events and Partnerships,https://www.linkedin.com/jobs/view/3727557655/?eBP=JOB_SEARCH_ORGANIC&refId=R8u2%2F%2BzNBlIdVXXudxYqDQ%3D%3D&trackingId=I4k7zDBAIzPeM0JqnUcXAg%3D%3D&trk=flagship3_search_srp_jobs,3727557655
Territory Sales Manager,https://www.linkedin.com/jobs/view/3728786703/?eBP=JOB_SEARCH_ORGANIC&refId=R8u2%2F%2BzNBlIdVXXudxYqDQ%3D%3D&trackingId=y9X0DEi0sie7jbQGByozGQ%3D%3D&trk=flagship3_search_srp_jobs,3728786703
Project Manager,https://www.linkedin.com/jobs/view/3727544104/?eBP=JOB_SEARCH_ORGANIC&refId=R8u2%2F%2BzNBlIdVXXudxYqDQ%3D%3D&trackingId=swt5LT%2FTP5LiDvpKmGy67g%3D%3D&trk=flagship3_search_srp_jobs,3727544104
Front-End Developer,https://www.linkedin.com/jobs/view/3727534873/?eBP=JOB_SEARCH_ORGANIC&refId=R8u2%2F%2BzNBlIdVXXudxYqDQ%3D%3D&trackingId=JZfsVtTctgRPkDZmxOGEIw%3D%3D&trk=flagship3_search_srp_jobs,3727534873
Paid Ads Specialist,https://www.linkedin.com/jobs/view/3723298344/?eBP=JOB_SEARCH_ORGANIC&refId=R8u2%2F%2BzNBlIdVXXudxYqDQ%3D%3D&trackingId=pyO7ZzIzDcL6rebDRttS9Q%3D%3D&trk=flagship3_search_srp_jobs,3723298344
CGI /Character Artist,https://www.linkedin.com/jobs/view/3727520388/?eBP=JOB_SEARCH_ORGANIC&refId=R8u2%2F%2BzNBlIdVXXudxYqDQ%3D%3D&trackingId=uxR1qlE1Qg%2FCLztmqR30Vg%3D%3D&trk=flagship3_search_srp_jobs,3727520388
Full Stack Developer,https://www.linkedin.com/jobs/view/3727518619/?eBP=JOB_SEARCH_ORGANIC&refId=KWxp%2F9tnl2wdnWAyAdFELA%3D%3D&trackingId=aotLITBZE6FYIFd6SmsFvw%3D%3D&trk=flagship3_search_srp_jobs,3727518619
Expert Cloud Architect and Operations,https://www.linkedin.com/jobs/view/3727536315/?eBP=JOB_SEARCH_ORGANIC&refId=KWxp%2F9tnl2wdnWAyAdFELA%3D%3D&trackingId=7XuibqisZXAWZyNG0rkjpQ%3D%3D&trk=flagship3_search_srp_jobs,3727536315
Creative Designer,https://www.linkedin.com/jobs/view/3727547219/?eBP=JOB_SEARCH_ORGANIC&refId=KWxp%2F9tnl2wdnWAyAdFELA%3D%3D&trackingId=fb8Kt2EM%2FGb57cBm3avaLQ%3D%3D&trk=flagship3_search_srp_jobs,3727547219
User Acquisition Manager,https://www.linkedin.com/jobs/view/3727064967/?eBP=JOB_SEARCH_ORGANIC&refId=KWxp%2F9tnl2wdnWAyAdFELA%3D%3D&trackingId=E%2FZgLcLKy4jESOtQA%2FpHsQ%3D%3D&trk=flagship3_search_srp_jobs,3727064967
PHP Developer,https://www.linkedin.com/jobs/view/3727508902/?eBP=JOB_SEARCH_ORGANIC&refId=KWxp%2F9tnl2wdnWAyAdFELA%3D%3D&trackingId=M%2Fb%2Bi9zTOWbXwV2yMDv%2BHA%3D%3D&trk=flagship3_search_srp_jobs,3727508902
LiveOps Trainee,https://www.linkedin.com/jobs/view/3725525031/?eBP=JOB_SEARCH_ORGANIC&refId=KWxp%2F9tnl2wdnWAyAdFELA%3D%3D&trackingId=albqIu%2BJAouEsc5n90vBGg%3D%3D&trk=flagship3_search_srp_jobs,3725525031
Technical Sales Representative,https://www.linkedin.com/jobs/view/3727541829/?eBP=JOB_SEARCH_ORGANIC&refId=KWxp%2F9tnl2wdnWAyAdFELA%3D%3D&trackingId=X0o0QZSYQTq8dw%2BInVmSQQ%3D%3D&trk=flagship3_search_srp_jobs,3727541829
"Back End Developer, Trilogy (Remote) - $100,000/year USD",https://www.linkedin.com/jobs/view/3727371393/?eBP=JOB_SEARCH_ORGANIC&refId=KWxp%2F9tnl2wdnWAyAdFELA%3D%3D&trackingId=9uVeDmDsU7pJkuTjv2lMaw%3D%3D&trk=flagship3_search_srp_jobs,3727371393
Car Financing (Sales),https://www.linkedin.com/jobs/view/3727062723/?eBP=JOB_SEARCH_ORGANIC&refId=KWxp%2F9tnl2wdnWAyAdFELA%3D%3D&trackingId=t7uS9Wjs%2BGRT0HHOATI8sA%3D%3D&trk=flagship3_search_srp_jobs,3727062723
Bid Specialist,https://www.linkedin.com/jobs/view/3727510714/?eBP=JOB_SEARCH_ORGANIC&refId=KWxp%2F9tnl2wdnWAyAdFELA%3D%3D&trackingId=JvbQp8nPFHDFqZAv2I4ddQ%3D%3D&trk=flagship3_search_srp_jobs,3727510714
Business Development Manager Healthcare,https://www.linkedin.com/jobs/view/3725536801/?eBP=JOB_SEARCH_ORGANIC&refId=KWxp%2F9tnl2wdnWAyAdFELA%3D%3D&trackingId=RVtPa%2BNo%2BONrUsxL%2Bojc4Q%3D%3D&trk=flagship3_search_srp_jobs,3725536801
Magento Developer,https://www.linkedin.com/jobs/view/3727399656/?eBP=JOB_SEARCH_ORGANIC&refId=KWxp%2F9tnl2wdnWAyAdFELA%3D%3D&trackingId=RrG4eflzexatTj6MHmFMIA%3D%3D&trk=flagship3_search_srp_jobs,3727399656
"Software Development Engineer, Trilogy (Remote) - $100,000/year USD",https://www.linkedin.com/jobs/view/3727371400/?eBP=JOB_SEARCH_ORGANIC&refId=KWxp%2F9tnl2wdnWAyAdFELA%3D%3D&trackingId=Q%2BZUJBZyPOFjBgcISuqyIQ%3D%3D&trk=flagship3_search_srp_jobs,3727371400
Career Counseling Specialist,https://www.linkedin.com/jobs/view/3727511113/?eBP=JOB_SEARCH_ORGANIC&refId=KWxp%2F9tnl2wdnWAyAdFELA%3D%3D&trackingId=g2ZKo6rTcGP%2BvqV3PV%2BelA%3D%3D&trk=flagship3_search_srp_jobs,3727511113
Flutter Application Developer,https://www.linkedin.com/jobs/view/3727515596/?eBP=JOB_SEARCH_ORGANIC&refId=KWxp%2F9tnl2wdnWAyAdFELA%3D%3D&trackingId=e5hyx%2FUTA7TXJamKhhg1cw%3D%3D&trk=flagship3_search_srp_jobs,3727515596
Business Development Executive,https://www.linkedin.com/jobs/view/3727500448/?eBP=JOB_SEARCH_ORGANIC&refId=KWxp%2F9tnl2wdnWAyAdFELA%3D%3D&trackingId=rHEyoC4MXGiOmR%2BfKL0%2B7g%3D%3D&trk=flagship3_search_srp_jobs,3727500448
"Security Specialist, Trilogy (Remote) - $60,000/year USD",https://www.linkedin.com/jobs/view/3727374002/?eBP=JOB_SEARCH_ORGANIC&refId=KWxp%2F9tnl2wdnWAyAdFELA%3D%3D&trackingId=Re%2BJHwqGOgQVJxREhbxniQ%3D%3D&trk=flagship3_search_srp_jobs,3727374002
International Sales Representative,https://www.linkedin.com/jobs/view/3727541061/?eBP=JOB_SEARCH_ORGANIC&refId=KWxp%2F9tnl2wdnWAyAdFELA%3D%3D&trackingId=o8Tv%2BfNGoTT3%2B1GF82fSRg%3D%3D&trk=flagship3_search_srp_jobs,3727541061
Head of Technology and Mechanization - Agri,https://www.linkedin.com/jobs/view/3728792371/?eBP=JOB_SEARCH_ORGANIC&refId=KWxp%2F9tnl2wdnWAyAdFELA%3D%3D&trackingId=P3%2BzoUHF1%2BbMSei6REIYlA%3D%3D&trk=flagship3_search_srp_jobs,3728792371
Salesperson,https://www.linkedin.com/jobs/view/3728766704/?eBP=JOB_SEARCH_ORGANIC&refId=KWxp%2F9tnl2wdnWAyAdFELA%3D%3D&trackingId=FSE%2F8dbSEdNxjsBEf%2FsTVA%3D%3D&trk=flagship3_search_srp_jobs,3728766704
PHP Developer,https://www.linkedin.com/jobs/view/3727520143/?eBP=JOB_SEARCH_ORGANIC&refId=KWxp%2F9tnl2wdnWAyAdFELA%3D%3D&trackingId=hZ%2F6g505VB4QsZhzrXTb5w%3D%3D&trk=flagship3_search_srp_jobs,3727520143
Full Stack Engineer,https://www.linkedin.com/jobs/view/3727510104/?eBP=JOB_SEARCH_ORGANIC&refId=KWxp%2F9tnl2wdnWAyAdFELA%3D%3D&trackingId=f5pA%2FasnmtHL84CAnC328g%3D%3D&trk=flagship3_search_srp_jobs,3727510104
Content Creator Lead,https://www.linkedin.com/jobs/view/3727561036/?eBP=JOB_SEARCH_ORGANIC&refId=KWxp%2F9tnl2wdnWAyAdFELA%3D%3D&trackingId=TNAV1hG7qvg8OR8E9tHAhw%3D%3D&trk=flagship3_search_srp_jobs,3727561036
DevOps GCP Engineer,https://www.linkedin.com/jobs/view/3727539326/?eBP=JOB_SEARCH_ORGANIC&refId=KWxp%2F9tnl2wdnWAyAdFELA%3D%3D&trackingId=%2FfFag5d2J7vttKnynx0pIw%3D%3D&trk=flagship3_search_srp_jobs,3727539326
Sales Development Representative,https://www.linkedin.com/jobs/view/3727063608/?eBP=JOB_SEARCH_ORGANIC&refId=KWxp%2F9tnl2wdnWAyAdFELA%3D%3D&trackingId=%2BuCjz%2BZ4ASaXy6cpR%2BGOfg%3D%3D&trk=flagship3_search_srp_jobs,3727063608
Dot Net Core Developer,https://www.linkedin.com/jobs/view/3727515826/?eBP=JOB_SEARCH_ORGANIC&refId=GxsOqka4dIZ4YPMof7QR9Q%3D%3D&trackingId=ECMTcdt%2F%2B691V0i40BVTOg%3D%3D&trk=flagship3_search_srp_jobs,3727515826
Software House Sales Executive,https://www.linkedin.com/jobs/view/3727512200/?eBP=JOB_SEARCH_ORGANIC&refId=GxsOqka4dIZ4YPMof7QR9Q%3D%3D&trackingId=8nAKBkG2INrgocEafRfI9A%3D%3D&trk=flagship3_search_srp_jobs,3727512200
"Technical Team Lead, Trilogy (Remote) - $100,000/year USD",https://www.linkedin.com/jobs/view/3727367888/?eBP=JOB_SEARCH_ORGANIC&refId=GxsOqka4dIZ4YPMof7QR9Q%3D%3D&trackingId=pmaXiR%2BooXq%2FlZi1Olf2cg%3D%3D&trk=flagship3_search_srp_jobs,3727367888
Back-End Network Engineer,https://www.linkedin.com/jobs/view/3726337380/?eBP=JOB_SEARCH_ORGANIC&refId=GxsOqka4dIZ4YPMof7QR9Q%3D%3D&trackingId=fNmQAGkdSs2bNXuyhrV2%2BA%3D%3D&trk=flagship3_search_srp_jobs,3726337380
Java Software Engineer,https://www.linkedin.com/jobs/view/3727532471/?eBP=JOB_SEARCH_ORGANIC&refId=GxsOqka4dIZ4YPMof7QR9Q%3D%3D&trackingId=tK9XT%2BBvsPb498rgssgzYA%3D%3D&trk=flagship3_search_srp_jobs,3727532471
Assistant Manager Finance Account,https://www.linkedin.com/jobs/view/3727539788/?eBP=JOB_SEARCH_ORGANIC&refId=GxsOqka4dIZ4YPMof7QR9Q%3D%3D&trackingId=Z8ypBJKzva2CcWNqCzh66Q%3D%3D&trk=flagship3_search_srp_jobs,3727539788
Flutter Developer,https://www.linkedin.com/jobs/view/3727523404/?eBP=JOB_SEARCH_ORGANIC&refId=GxsOqka4dIZ4YPMof7QR9Q%3D%3D&trackingId=kihFlXRl%2Bv7hDTAPEMwBFg%3D%3D&trk=flagship3_search_srp_jobs,3727523404
Sales Specialist,https://www.linkedin.com/jobs/view/3727065479/?eBP=JOB_SEARCH_ORGANIC&refId=GxsOqka4dIZ4YPMof7QR9Q%3D%3D&trackingId=quotB9qqxEZAZVgRlYZjuw%3D%3D&trk=flagship3_search_srp_jobs,3727065479
Voice User Interface (VUI) Designer,https://www.linkedin.com/jobs/view/3727537108/?eBP=JOB_SEARCH_ORGANIC&refId=GxsOqka4dIZ4YPMof7QR9Q%3D%3D&trackingId=hu0N%2BIz8DYWmMIJhR1L4xA%3D%3D&trk=flagship3_search_srp_jobs,3727537108
Release Management Engineer,https://www.linkedin.com/jobs/view/3727054443/?eBP=JOB_SEARCH_ORGANIC&refId=GxsOqka4dIZ4YPMof7QR9Q%3D%3D&trackingId=1mtaYHX3HYNDdo%2Fch1diJw%3D%3D&trk=flagship3_search_srp_jobs,3727054443
Media Buyer,https://www.linkedin.com/jobs/view/3727514109/?eBP=JOB_SEARCH_ORGANIC&refId=GxsOqka4dIZ4YPMof7QR9Q%3D%3D&trackingId=eLmESpXg9QTdjCxxS9SXyA%3D%3D&trk=flagship3_search_srp_jobs,3727514109
Sr. International Sales Executive (Night Shift),https://www.linkedin.com/jobs/view/3727051751/?eBP=JOB_SEARCH_ORGANIC&refId=GxsOqka4dIZ4YPMof7QR9Q%3D%3D&trackingId=OQ7mypHPpJkfFqvsCAOJeg%3D%3D&trk=flagship3_search_srp_jobs,3727051751
"Security Engineer, Trilogy (Remote) - $60,000/year USD",https://www.linkedin.com/jobs/view/3727369680/?eBP=JOB_SEARCH_ORGANIC&refId=GxsOqka4dIZ4YPMof7QR9Q%3D%3D&trackingId=xzgZh9yxhXlBYDur3a2YqQ%3D%3D&trk=flagship3_search_srp_jobs,3727369680
Sales Executive,https://www.linkedin.com/jobs/view/3727510582/?eBP=JOB_SEARCH_ORGANIC&refId=GxsOqka4dIZ4YPMof7QR9Q%3D%3D&trackingId=v74PfdYIDGHLLMU1u6zGtg%3D%3D&trk=flagship3_search_srp_jobs,3727510582
"Senior Technical Support Engineer, Skyvera (Remote) - $30,000/year USD",https://www.linkedin.com/jobs/view/3727368849/?eBP=JOB_SEARCH_ORGANIC&refId=GxsOqka4dIZ4YPMof7QR9Q%3D%3D&trackingId=qvwOKlRjNtYcsPYmlebRPw%3D%3D&trk=flagship3_search_srp_jobs,3727368849
Sales Specialist & Upwork Bidder,https://www.linkedin.com/jobs/view/3727524372/?eBP=JOB_SEARCH_ORGANIC&refId=GxsOqka4dIZ4YPMof7QR9Q%3D%3D&trackingId=sthtrKMIPy5fg3c%2BhVBHsA%3D%3D&trk=flagship3_search_srp_jobs,3727524372
Sales Specialist,https://www.linkedin.com/jobs/view/3727059979/?eBP=JOB_SEARCH_ORGANIC&refId=GxsOqka4dIZ4YPMof7QR9Q%3D%3D&trackingId=V%2FQDl1MMaYAzXyKJ%2FWF2iw%3D%3D&trk=flagship3_search_srp_jobs,3727059979
Technical Lead .NET,https://www.linkedin.com/jobs/view/3728317046/?eBP=JOB_SEARCH_ORGANIC&refId=GxsOqka4dIZ4YPMof7QR9Q%3D%3D&trackingId=ICRUkiFNn8ZsU4HLe21%2Bfw%3D%3D&trk=flagship3_search_srp_jobs,3728317046
Sales Executive,https://www.linkedin.com/jobs/view/3727346950/?eBP=JOB_SEARCH_ORGANIC&refId=GxsOqka4dIZ4YPMof7QR9Q%3D%3D&trackingId=FBA%2BIezLaxjcZ6zkw9Mh1A%3D%3D&trk=flagship3_search_srp_jobs,3727346950
Production Manager,https://www.linkedin.com/jobs/view/3727339266/?eBP=JOB_SEARCH_ORGANIC&refId=GxsOqka4dIZ4YPMof7QR9Q%3D%3D&trackingId=JaXLPJLiBpln68dxvtrz%2Fw%3D%3D&trk=flagship3_search_srp_jobs,3727339266
Sales Trainer,https://www.linkedin.com/jobs/view/3727543251/?eBP=JOB_SEARCH_ORGANIC&refId=GxsOqka4dIZ4YPMof7QR9Q%3D%3D&trackingId=9XdPjGpqPLWjXMy4JBO5Tw%3D%3D&trk=flagship3_search_srp_jobs,3727543251
Mern Stack Developer,https://www.linkedin.com/jobs/view/3725538044/?eBP=JOB_SEARCH_ORGANIC&refId=GxsOqka4dIZ4YPMof7QR9Q%3D%3D&trackingId=gl9aXb91qBS%2FqKDXda4jRQ%3D%3D&trk=flagship3_search_srp_jobs,3725538044
PHP Backend Developer,https://www.linkedin.com/jobs/view/3727513213/?eBP=JOB_SEARCH_ORGANIC&refId=GxsOqka4dIZ4YPMof7QR9Q%3D%3D&trackingId=SfsEaPAdPmAWDXI5CEIO8w%3D%3D&trk=flagship3_search_srp_jobs,3727513213
Principal,https://www.linkedin.com/jobs/view/3727385997/?eBP=JOB_SEARCH_ORGANIC&refId=GxsOqka4dIZ4YPMof7QR9Q%3D%3D&trackingId=L5j12aTdhMa%2FZAopH6etpQ%3D%3D&trk=flagship3_search_srp_jobs,3727385997
Country Preparedness & IHR (CPI) Officer,https://www.linkedin.com/jobs/view/3727803898/?eBP=JOB_SEARCH_ORGANIC&refId=GxsOqka4dIZ4YPMof7QR9Q%3D%3D&trackingId=ejjLD16oI8pgtfrCP3qIGg%3D%3D&trk=flagship3_search_srp_jobs,3727803898
Hybrid QA for financial software,https://www.linkedin.com/jobs/view/3727543480/?eBP=JOB_SEARCH_ORGANIC&refId=A6in9A%2BBionQcLa2VdJi1w%3D%3D&trackingId=20beKtNZw7pz22HJhaOQnQ%3D%3D&trk=flagship3_search_srp_jobs,3727543480
"Software Engineer with AI Tooling Expertise, Skyvera (Remote) - $200,000/year USD",https://www.linkedin.com/jobs/view/3727370490/?eBP=JOB_SEARCH_ORGANIC&refId=A6in9A%2BBionQcLa2VdJi1w%3D%3D&trackingId=hRlk1NWBA%2FzbpVp91Z6OkQ%3D%3D&trk=flagship3_search_srp_jobs,3727370490
Sales Agent or Truck Dispatcher US Based Call Center,https://www.linkedin.com/jobs/view/3727395196/?eBP=JOB_SEARCH_ORGANIC&refId=A6in9A%2BBionQcLa2VdJi1w%3D%3D&trackingId=47EOH9glRQDIDX%2BBPrHHBQ%3D%3D&trk=flagship3_search_srp_jobs,3727395196
Front-End Engineer,https://www.linkedin.com/jobs/view/3727540146/?eBP=JOB_SEARCH_ORGANIC&refId=A6in9A%2BBionQcLa2VdJi1w%3D%3D&trackingId=N3leX658qq6o33%2F%2B24R5UQ%3D%3D&trk=flagship3_search_srp_jobs,3727540146
Front-End Engineer,https://www.linkedin.com/jobs/view/3726334631/?eBP=JOB_SEARCH_ORGANIC&refId=A6in9A%2BBionQcLa2VdJi1w%3D%3D&trackingId=KBj13bWbNtuvs7nfKwdNFQ%3D%3D&trk=flagship3_search_srp_jobs,3726334631
Senior MERN Stack Developer | Team Lead,https://www.linkedin.com/jobs/view/3727529651/?eBP=JOB_SEARCH_ORGANIC&refId=A6in9A%2BBionQcLa2VdJi1w%3D%3D&trackingId=0RmHPM%2FKWF9eKGCmN0J9Sw%3D%3D&trk=flagship3_search_srp_jobs,3727529651
Senior Software Engineering Manager,https://www.linkedin.com/jobs/view/3727507551/?eBP=JOB_SEARCH_ORGANIC&refId=A6in9A%2BBionQcLa2VdJi1w%3D%3D&trackingId=7lQIS968e9TrH4XZ2o93Vg%3D%3D&trk=flagship3_search_srp_jobs,3727507551
Senior Sales Account Manager,https://www.linkedin.com/jobs/view/3727542561/?eBP=JOB_SEARCH_ORGANIC&refId=A6in9A%2BBionQcLa2VdJi1w%3D%3D&trackingId=b90WjqC11g5cwF7AdaNBeg%3D%3D&trk=flagship3_search_srp_jobs,3727542561
"Software Engineer with AI Tooling Expertise, Skyvera (Remote) - $200,000/year USD",https://www.linkedin.com/jobs/view/3727366938/?eBP=JOB_SEARCH_ORGANIC&refId=A6in9A%2BBionQcLa2VdJi1w%3D%3D&trackingId=7jkyD450hsoiFOcsIQgN8w%3D%3D&trk=flagship3_search_srp_jobs,3727366938
Sales Development Representative,https://www.linkedin.com/jobs/view/3726680162/?eBP=JOB_SEARCH_ORGANIC&refId=A6in9A%2BBionQcLa2VdJi1w%3D%3D&trackingId=EG6u2PmKex0qciq7MOgfAA%3D%3D&trk=flagship3_search_srp_jobs,3726680162
Senior Software Engineer,https://www.linkedin.com/jobs/view/3727518653/?eBP=JOB_SEARCH_ORGANIC&refId=A6in9A%2BBionQcLa2VdJi1w%3D%3D&trackingId=0Su%2BWqGKpXFm%2FxXBOFqY3A%3D%3D&trk=flagship3_search_srp_jobs,3727518653
Dotnet Developer,https://www.linkedin.com/jobs/view/3693921215/?eBP=JOB_SEARCH_ORGANIC&refId=A6in9A%2BBionQcLa2VdJi1w%3D%3D&trackingId=tI9JK2Z3d4E8ouPf3RkrNw%3D%3D&trk=flagship3_search_srp_jobs,3693921215
Vue Developer,https://www.linkedin.com/jobs/view/3727399468/?eBP=JOB_SEARCH_ORGANIC&refId=A6in9A%2BBionQcLa2VdJi1w%3D%3D&trackingId=GtTGh4E9h42cnL5%2BjkhJRA%3D%3D&trk=flagship3_search_srp_jobs,3727399468
"Software Engineer with AI Tooling Expertise, Skyvera (Remote) - $200,000/year USD",https://www.linkedin.com/jobs/view/3727370416/?eBP=JOB_SEARCH_ORGANIC&refId=A6in9A%2BBionQcLa2VdJi1w%3D%3D&trackingId=fVZnOX8JbAPgkdUGiaF34A%3D%3D&trk=flagship3_search_srp_jobs,3727370416
PHP Developer,https://www.linkedin.com/jobs/view/3727539497/?eBP=JOB_SEARCH_ORGANIC&refId=A6in9A%2BBionQcLa2VdJi1w%3D%3D&trackingId=CHYiJUz2Nv6w7rF4Onc56A%3D%3D&trk=flagship3_search_srp_jobs,3727539497
"Software Engineer with AI Tooling Expertise, Skyvera (Remote) - $200,000/year USD",https://www.linkedin.com/jobs/view/3727370414/?eBP=JOB_SEARCH_ORGANIC&refId=A6in9A%2BBionQcLa2VdJi1w%3D%3D&trackingId=Abyx8l5h8FacA2Qq9ky00g%3D%3D&trk=flagship3_search_srp_jobs,3727370414
Assistant Manager Technical Sales,https://www.linkedin.com/jobs/view/3727508822/?eBP=JOB_SEARCH_ORGANIC&refId=A6in9A%2BBionQcLa2VdJi1w%3D%3D&trackingId=cqMg3rof5O172oBnPYd9uw%3D%3D&trk=flagship3_search_srp_jobs,3727508822
5-10 yr Experienced professionals: biofuels engineer + Experienced SME supply chain manager + Sectoral researcher,https://www.linkedin.com/jobs/view/3727394723/?eBP=JOB_SEARCH_ORGANIC&refId=A6in9A%2BBionQcLa2VdJi1w%3D%3D&trackingId=ujuXuyJ8zRVFbQRHjTFvLA%3D%3D&trk=flagship3_search_srp_jobs,3727394723
Digital Content Creator and Video Presenter,https://www.linkedin.com/jobs/view/3727538965/?eBP=JOB_SEARCH_ORGANIC&refId=A6in9A%2BBionQcLa2VdJi1w%3D%3D&trackingId=hl0TJZnYbtnehZlAqUPAMg%3D%3D&trk=flagship3_search_srp_jobs,3727538965
Designer and Animator,https://www.linkedin.com/jobs/view/3727505861/?eBP=JOB_SEARCH_ORGANIC&refId=A6in9A%2BBionQcLa2VdJi1w%3D%3D&trackingId=%2FrAQWX1uxR3MI2bMsd3KYA%3D%3D&trk=flagship3_search_srp_jobs,3727505861
"Principal Engineer, Trilogy (Remote) - $100,000/year USD",https://www.linkedin.com/jobs/view/3727369752/?eBP=JOB_SEARCH_ORGANIC&refId=A6in9A%2BBionQcLa2VdJi1w%3D%3D&trackingId=V0uFIaCjRD16GPx804AFdQ%3D%3D&trk=flagship3_search_srp_jobs,3727369752
NetSuite Functional Consultant,https://www.linkedin.com/jobs/view/3726896682/?eBP=JOB_SEARCH_ORGANIC&refId=A6in9A%2BBionQcLa2VdJi1w%3D%3D&trackingId=8mh82Zi2v2HhfRz7jlKf2g%3D%3D&trk=flagship3_search_srp_jobs,3726896682
React Native Developer,https://www.linkedin.com/jobs/view/3727531252/?eBP=JOB_SEARCH_ORGANIC&refId=A6in9A%2BBionQcLa2VdJi1w%3D%3D&trackingId=5K12nMlRMuDQh9YjcHlKLg%3D%3D&trk=flagship3_search_srp_jobs,3727531252
Sales Manager,https://www.linkedin.com/jobs/view/3727068586/?eBP=JOB_SEARCH_ORGANIC&refId=A6in9A%2BBionQcLa2VdJi1w%3D%3D&trackingId=0rUe10uC3LoWeveJ%2FwJDCA%3D%3D&trk=flagship3_search_srp_jobs,3727068586
Technical Lead,https://www.linkedin.com/jobs/view/3727520777/?eBP=JOB_SEARCH_ORGANIC&refId=A6in9A%2BBionQcLa2VdJi1w%3D%3D&trackingId=jivK5N8%2FW%2BfzYxR2RuzhhA%3D%3D&trk=flagship3_search_srp_jobs,3727520777
Hybrid QA for financial software,https://www.linkedin.com/jobs/view/3727543480/?eBP=JOB_SEARCH_ORGANIC&refId=A6in9A%2BBionQcLa2VdJi1w%3D%3D&trackingId=20beKtNZw7pz22HJhaOQnQ%3D%3D&trk=flagship3_search_srp_jobs,3727543480
"Software Engineer with AI Tooling Expertise, Skyvera (Remote) - $200,000/year USD",https://www.linkedin.com/jobs/view/3727370490/?eBP=JOB_SEARCH_ORGANIC&refId=A6in9A%2BBionQcLa2VdJi1w%3D%3D&trackingId=hRlk1NWBA%2FzbpVp91Z6OkQ%3D%3D&trk=flagship3_search_srp_jobs,3727370490
Sales Agent or Truck Dispatcher US Based Call Center,https://www.linkedin.com/jobs/view/3727395196/?eBP=JOB_SEARCH_ORGANIC&refId=A6in9A%2BBionQcLa2VdJi1w%3D%3D&trackingId=47EOH9glRQDIDX%2BBPrHHBQ%3D%3D&trk=flagship3_search_srp_jobs,3727395196
Front-End Engineer,https://www.linkedin.com/jobs/view/3727540146/?eBP=JOB_SEARCH_ORGANIC&refId=A6in9A%2BBionQcLa2VdJi1w%3D%3D&trackingId=N3leX658qq6o33%2F%2B24R5UQ%3D%3D&trk=flagship3_search_srp_jobs,3727540146
Front-End Engineer,https://www.linkedin.com/jobs/view/3726334631/?eBP=JOB_SEARCH_ORGANIC&refId=A6in9A%2BBionQcLa2VdJi1w%3D%3D&trackingId=KBj13bWbNtuvs7nfKwdNFQ%3D%3D&trk=flagship3_search_srp_jobs,3726334631
Senior MERN Stack Developer | Team Lead,https://www.linkedin.com/jobs/view/3727529651/?eBP=JOB_SEARCH_ORGANIC&refId=A6in9A%2BBionQcLa2VdJi1w%3D%3D&trackingId=0RmHPM%2FKWF9eKGCmN0J9Sw%3D%3D&trk=flagship3_search_srp_jobs,3727529651
Senior Software Engineering Manager,https://www.linkedin.com/jobs/view/3727507551/?eBP=JOB_SEARCH_ORGANIC&refId=A6in9A%2BBionQcLa2VdJi1w%3D%3D&trackingId=7lQIS968e9TrH4XZ2o93Vg%3D%3D&trk=flagship3_search_srp_jobs,3727507551
Senior Sales Account Manager,https://www.linkedin.com/jobs/view/3727542561/?eBP=JOB_SEARCH_ORGANIC&refId=A6in9A%2BBionQcLa2VdJi1w%3D%3D&trackingId=b90WjqC11g5cwF7AdaNBeg%3D%3D&trk=flagship3_search_srp_jobs,3727542561
"Software Engineer with AI Tooling Expertise, Skyvera (Remote) - $200,000/year USD",https://www.linkedin.com/jobs/view/3727366938/?eBP=JOB_SEARCH_ORGANIC&refId=A6in9A%2BBionQcLa2VdJi1w%3D%3D&trackingId=7jkyD450hsoiFOcsIQgN8w%3D%3D&trk=flagship3_search_srp_jobs,3727366938
Sales Development Representative,https://www.linkedin.com/jobs/view/3726680162/?eBP=JOB_SEARCH_ORGANIC&refId=A6in9A%2BBionQcLa2VdJi1w%3D%3D&trackingId=EG6u2PmKex0qciq7MOgfAA%3D%3D&trk=flagship3_search_srp_jobs,3726680162
Senior Software Engineer,https://www.linkedin.com/jobs/view/3727518653/?eBP=JOB_SEARCH_ORGANIC&refId=A6in9A%2BBionQcLa2VdJi1w%3D%3D&trackingId=0Su%2BWqGKpXFm%2FxXBOFqY3A%3D%3D&trk=flagship3_search_srp_jobs,3727518653
Dotnet Developer,https://www.linkedin.com/jobs/view/3693921215/?eBP=JOB_SEARCH_ORGANIC&refId=A6in9A%2BBionQcLa2VdJi1w%3D%3D&trackingId=tI9JK2Z3d4E8ouPf3RkrNw%3D%3D&trk=flagship3_search_srp_jobs,3693921215
Vue Developer,https://www.linkedin.com/jobs/view/3727399468/?eBP=JOB_SEARCH_ORGANIC&refId=A6in9A%2BBionQcLa2VdJi1w%3D%3D&trackingId=GtTGh4E9h42cnL5%2BjkhJRA%3D%3D&trk=flagship3_search_srp_jobs,3727399468
"Software Engineer with AI Tooling Expertise, Skyvera (Remote) - $200,000/year USD",https://www.linkedin.com/jobs/view/3727370416/?eBP=JOB_SEARCH_ORGANIC&refId=A6in9A%2BBionQcLa2VdJi1w%3D%3D&trackingId=fVZnOX8JbAPgkdUGiaF34A%3D%3D&trk=flagship3_search_srp_jobs,3727370416
PHP Developer,https://www.linkedin.com/jobs/view/3727539497/?eBP=JOB_SEARCH_ORGANIC&refId=A6in9A%2BBionQcLa2VdJi1w%3D%3D&trackingId=CHYiJUz2Nv6w7rF4Onc56A%3D%3D&trk=flagship3_search_srp_jobs,3727539497
"Software Engineer with AI Tooling Expertise, Skyvera (Remote) - $200,000/year USD",https://www.linkedin.com/jobs/view/3727370414/?eBP=JOB_SEARCH_ORGANIC&refId=A6in9A%2BBionQcLa2VdJi1w%3D%3D&trackingId=Abyx8l5h8FacA2Qq9ky00g%3D%3D&trk=flagship3_search_srp_jobs,3727370414
Assistant Manager Technical Sales,https://www.linkedin.com/jobs/view/3727508822/?eBP=JOB_SEARCH_ORGANIC&refId=A6in9A%2BBionQcLa2VdJi1w%3D%3D&trackingId=cqMg3rof5O172oBnPYd9uw%3D%3D&trk=flagship3_search_srp_jobs,3727508822
5-10 yr Experienced professionals: biofuels engineer + Experienced SME supply chain manager + Sectoral researcher,https://www.linkedin.com/jobs/view/3727394723/?eBP=JOB_SEARCH_ORGANIC&refId=A6in9A%2BBionQcLa2VdJi1w%3D%3D&trackingId=ujuXuyJ8zRVFbQRHjTFvLA%3D%3D&trk=flagship3_search_srp_jobs,3727394723
Digital Content Creator and Video Presenter,https://www.linkedin.com/jobs/view/3727538965/?eBP=JOB_SEARCH_ORGANIC&refId=A6in9A%2BBionQcLa2VdJi1w%3D%3D&trackingId=hl0TJZnYbtnehZlAqUPAMg%3D%3D&trk=flagship3_search_srp_jobs,3727538965
Designer and Animator,https://www.linkedin.com/jobs/view/3727505861/?eBP=JOB_SEARCH_ORGANIC&refId=A6in9A%2BBionQcLa2VdJi1w%3D%3D&trackingId=%2FrAQWX1uxR3MI2bMsd3KYA%3D%3D&trk=flagship3_search_srp_jobs,3727505861
"Principal Engineer, Trilogy (Remote) - $100,000/year USD",https://www.linkedin.com/jobs/view/3727369752/?eBP=JOB_SEARCH_ORGANIC&refId=A6in9A%2BBionQcLa2VdJi1w%3D%3D&trackingId=V0uFIaCjRD16GPx804AFdQ%3D%3D&trk=flagship3_search_srp_jobs,3727369752
NetSuite Functional Consultant,https://www.linkedin.com/jobs/view/3726896682/?eBP=JOB_SEARCH_ORGANIC&refId=A6in9A%2BBionQcLa2VdJi1w%3D%3D&trackingId=8mh82Zi2v2HhfRz7jlKf2g%3D%3D&trk=flagship3_search_srp_jobs,3726896682
React Native Developer,https://www.linkedin.com/jobs/view/3727531252/?eBP=JOB_SEARCH_ORGANIC&refId=A6in9A%2BBionQcLa2VdJi1w%3D%3D&trackingId=5K12nMlRMuDQh9YjcHlKLg%3D%3D&trk=flagship3_search_srp_jobs,3727531252
Sales Manager,https://www.linkedin.com/jobs/view/3727068586/?eBP=JOB_SEARCH_ORGANIC&refId=A6in9A%2BBionQcLa2VdJi1w%3D%3D&trackingId=0rUe10uC3LoWeveJ%2FwJDCA%3D%3D&trk=flagship3_search_srp_jobs,3727068586
Technical Lead,https://www.linkedin.com/jobs/view/3727520777/?eBP=JOB_SEARCH_ORGANIC&refId=A6in9A%2BBionQcLa2VdJi1w%3D%3D&trackingId=jivK5N8%2FW%2BfzYxR2RuzhhA%3D%3D&trk=flagship3_search_srp_jobs,3727520777
Hybrid QA for financial software,https://www.linkedin.com/jobs/view/3727543480/?eBP=JOB_SEARCH_ORGANIC&refId=A6in9A%2BBionQcLa2VdJi1w%3D%3D&trackingId=20beKtNZw7pz22HJhaOQnQ%3D%3D&trk=flagship3_search_srp_jobs,3727543480
"Software Engineer with AI Tooling Expertise, Skyvera (Remote) - $200,000/year USD",https://www.linkedin.com/jobs/view/3727370490/?eBP=JOB_SEARCH_ORGANIC&refId=A6in9A%2BBionQcLa2VdJi1w%3D%3D&trackingId=hRlk1NWBA%2FzbpVp91Z6OkQ%3D%3D&trk=flagship3_search_srp_jobs,3727370490
Sales Agent or Truck Dispatcher US Based Call Center,https://www.linkedin.com/jobs/view/3727395196/?eBP=JOB_SEARCH_ORGANIC&refId=A6in9A%2BBionQcLa2VdJi1w%3D%3D&trackingId=47EOH9glRQDIDX%2BBPrHHBQ%3D%3D&trk=flagship3_search_srp_jobs,3727395196
Front-End Engineer,https://www.linkedin.com/jobs/view/3727540146/?eBP=JOB_SEARCH_ORGANIC&refId=A6in9A%2BBionQcLa2VdJi1w%3D%3D&trackingId=N3leX658qq6o33%2F%2B24R5UQ%3D%3D&trk=flagship3_search_srp_jobs,3727540146
Front-End Engineer,https://www.linkedin.com/jobs/view/3726334631/?eBP=JOB_SEARCH_ORGANIC&refId=A6in9A%2BBionQcLa2VdJi1w%3D%3D&trackingId=KBj13bWbNtuvs7nfKwdNFQ%3D%3D&trk=flagship3_search_srp_jobs,3726334631
Senior MERN Stack Developer | Team Lead,https://www.linkedin.com/jobs/view/3727529651/?eBP=JOB_SEARCH_ORGANIC&refId=A6in9A%2BBionQcLa2VdJi1w%3D%3D&trackingId=0RmHPM%2FKWF9eKGCmN0J9Sw%3D%3D&trk=flagship3_search_srp_jobs,3727529651
Senior Software Engineering Manager,https://www.linkedin.com/jobs/view/3727507551/?eBP=JOB_SEARCH_ORGANIC&refId=A6in9A%2BBionQcLa2VdJi1w%3D%3D&trackingId=7lQIS968e9TrH4XZ2o93Vg%3D%3D&trk=flagship3_search_srp_jobs,3727507551
Senior Sales Account Manager,https://www.linkedin.com/jobs/view/3727542561/?eBP=JOB_SEARCH_ORGANIC&refId=A6in9A%2BBionQcLa2VdJi1w%3D%3D&trackingId=b90WjqC11g5cwF7AdaNBeg%3D%3D&trk=flagship3_search_srp_jobs,3727542561
"Software Engineer with AI Tooling Expertise, Skyvera (Remote) - $200,000/year USD",https://www.linkedin.com/jobs/view/3727366938/?eBP=JOB_SEARCH_ORGANIC&refId=A6in9A%2BBionQcLa2VdJi1w%3D%3D&trackingId=7jkyD450hsoiFOcsIQgN8w%3D%3D&trk=flagship3_search_srp_jobs,3727366938
Sales Development Representative,https://www.linkedin.com/jobs/view/3726680162/?eBP=JOB_SEARCH_ORGANIC&refId=A6in9A%2BBionQcLa2VdJi1w%3D%3D&trackingId=EG6u2PmKex0qciq7MOgfAA%3D%3D&trk=flagship3_search_srp_jobs,3726680162
Senior Software Engineer,https://www.linkedin.com/jobs/view/3727518653/?eBP=JOB_SEARCH_ORGANIC&refId=A6in9A%2BBionQcLa2VdJi1w%3D%3D&trackingId=0Su%2BWqGKpXFm%2FxXBOFqY3A%3D%3D&trk=flagship3_search_srp_jobs,3727518653
Dotnet Developer,https://www.linkedin.com/jobs/view/3693921215/?eBP=JOB_SEARCH_ORGANIC&refId=A6in9A%2BBionQcLa2VdJi1w%3D%3D&trackingId=tI9JK2Z3d4E8ouPf3RkrNw%3D%3D&trk=flagship3_search_srp_jobs,3693921215
Vue Developer,https://www.linkedin.com/jobs/view/3727399468/?eBP=JOB_SEARCH_ORGANIC&refId=A6in9A%2BBionQcLa2VdJi1w%3D%3D&trackingId=GtTGh4E9h42cnL5%2BjkhJRA%3D%3D&trk=flagship3_search_srp_jobs,3727399468
"Software Engineer with AI Tooling Expertise, Skyvera (Remote) - $200,000/year USD",https://www.linkedin.com/jobs/view/3727370416/?eBP=JOB_SEARCH_ORGANIC&refId=A6in9A%2BBionQcLa2VdJi1w%3D%3D&trackingId=fVZnOX8JbAPgkdUGiaF34A%3D%3D&trk=flagship3_search_srp_jobs,3727370416
PHP Developer,https://www.linkedin.com/jobs/view/3727539497/?eBP=JOB_SEARCH_ORGANIC&refId=A6in9A%2BBionQcLa2VdJi1w%3D%3D&trackingId=CHYiJUz2Nv6w7rF4Onc56A%3D%3D&trk=flagship3_search_srp_jobs,3727539497
"Software Engineer with AI Tooling Expertise, Skyvera (Remote) - $200,000/year USD",https://www.linkedin.com/jobs/view/3727370414/?eBP=JOB_SEARCH_ORGANIC&refId=A6in9A%2BBionQcLa2VdJi1w%3D%3D&trackingId=Abyx8l5h8FacA2Qq9ky00g%3D%3D&trk=flagship3_search_srp_jobs,3727370414
Assistant Manager Technical Sales,https://www.linkedin.com/jobs/view/3727508822/?eBP=JOB_SEARCH_ORGANIC&refId=A6in9A%2BBionQcLa2VdJi1w%3D%3D&trackingId=cqMg3rof5O172oBnPYd9uw%3D%3D&trk=flagship3_search_srp_jobs,3727508822
5-10 yr Experienced professionals: biofuels engineer + Experienced SME supply chain manager + Sectoral researcher,https://www.linkedin.com/jobs/view/3727394723/?eBP=JOB_SEARCH_ORGANIC&refId=A6in9A%2BBionQcLa2VdJi1w%3D%3D&trackingId=ujuXuyJ8zRVFbQRHjTFvLA%3D%3D&trk=flagship3_search_srp_jobs,3727394723
Digital Content Creator and Video Presenter,https://www.linkedin.com/jobs/view/3727538965/?eBP=JOB_SEARCH_ORGANIC&refId=A6in9A%2BBionQcLa2VdJi1w%3D%3D&trackingId=hl0TJZnYbtnehZlAqUPAMg%3D%3D&trk=flagship3_search_srp_jobs,3727538965
Designer and Animator,https://www.linkedin.com/jobs/view/3727505861/?eBP=JOB_SEARCH_ORGANIC&refId=A6in9A%2BBionQcLa2VdJi1w%3D%3D&trackingId=%2FrAQWX1uxR3MI2bMsd3KYA%3D%3D&trk=flagship3_search_srp_jobs,3727505861
"Principal Engineer, Trilogy (Remote) - $100,000/year USD",https://www.linkedin.com/jobs/view/3727369752/?eBP=JOB_SEARCH_ORGANIC&refId=A6in9A%2BBionQcLa2VdJi1w%3D%3D&trackingId=V0uFIaCjRD16GPx804AFdQ%3D%3D&trk=flagship3_search_srp_jobs,3727369752
NetSuite Functional Consultant,https://www.linkedin.com/jobs/view/3726896682/?eBP=JOB_SEARCH_ORGANIC&refId=A6in9A%2BBionQcLa2VdJi1w%3D%3D&trackingId=8mh82Zi2v2HhfRz7jlKf2g%3D%3D&trk=flagship3_search_srp_jobs,3726896682
React Native Developer,https://www.linkedin.com/jobs/view/3727531252/?eBP=JOB_SEARCH_ORGANIC&refId=A6in9A%2BBionQcLa2VdJi1w%3D%3D&trackingId=5K12nMlRMuDQh9YjcHlKLg%3D%3D&trk=flagship3_search_srp_jobs,3727531252
Sales Manager,https://www.linkedin.com/jobs/view/3727068586/?eBP=JOB_SEARCH_ORGANIC&refId=A6in9A%2BBionQcLa2VdJi1w%3D%3D&trackingId=0rUe10uC3LoWeveJ%2FwJDCA%3D%3D&trk=flagship3_search_srp_jobs,3727068586
Technical Lead,https://www.linkedin.com/jobs/view/3727520777/?eBP=JOB_SEARCH_ORGANIC&refId=A6in9A%2BBionQcLa2VdJi1w%3D%3D&trackingId=jivK5N8%2FW%2BfzYxR2RuzhhA%3D%3D&trk=flagship3_search_srp_jobs,3727520777
Hybrid QA for financial software,https://www.linkedin.com/jobs/view/3727543480/?eBP=JOB_SEARCH_ORGANIC&refId=A6in9A%2BBionQcLa2VdJi1w%3D%3D&trackingId=20beKtNZw7pz22HJhaOQnQ%3D%3D&trk=flagship3_search_srp_jobs,3727543480
"Software Engineer with AI Tooling Expertise, Skyvera (Remote) - $200,000/year USD",https://www.linkedin.com/jobs/view/3727370490/?eBP=JOB_SEARCH_ORGANIC&refId=A6in9A%2BBionQcLa2VdJi1w%3D%3D&trackingId=hRlk1NWBA%2FzbpVp91Z6OkQ%3D%3D&trk=flagship3_search_srp_jobs,3727370490
Sales Agent or Truck Dispatcher US Based Call Center,https://www.linkedin.com/jobs/view/3727395196/?eBP=JOB_SEARCH_ORGANIC&refId=A6in9A%2BBionQcLa2VdJi1w%3D%3D&trackingId=47EOH9glRQDIDX%2BBPrHHBQ%3D%3D&trk=flagship3_search_srp_jobs,3727395196
Front-End Engineer,https://www.linkedin.com/jobs/view/3727540146/?eBP=JOB_SEARCH_ORGANIC&refId=A6in9A%2BBionQcLa2VdJi1w%3D%3D&trackingId=N3leX658qq6o33%2F%2B24R5UQ%3D%3D&trk=flagship3_search_srp_jobs,3727540146
Front-End Engineer,https://www.linkedin.com/jobs/view/3726334631/?eBP=JOB_SEARCH_ORGANIC&refId=A6in9A%2BBionQcLa2VdJi1w%3D%3D&trackingId=KBj13bWbNtuvs7nfKwdNFQ%3D%3D&trk=flagship3_search_srp_jobs,3726334631
Senior MERN Stack Developer | Team Lead,https://www.linkedin.com/jobs/view/3727529651/?eBP=JOB_SEARCH_ORGANIC&refId=A6in9A%2BBionQcLa2VdJi1w%3D%3D&trackingId=0RmHPM%2FKWF9eKGCmN0J9Sw%3D%3D&trk=flagship3_search_srp_jobs,3727529651
Senior Software Engineering Manager,https://www.linkedin.com/jobs/view/3727507551/?eBP=JOB_SEARCH_ORGANIC&refId=A6in9A%2BBionQcLa2VdJi1w%3D%3D&trackingId=7lQIS968e9TrH4XZ2o93Vg%3D%3D&trk=flagship3_search_srp_jobs,3727507551
Senior Sales Account Manager,https://www.linkedin.com/jobs/view/3727542561/?eBP=JOB_SEARCH_ORGANIC&refId=A6in9A%2BBionQcLa2VdJi1w%3D%3D&trackingId=b90WjqC11g5cwF7AdaNBeg%3D%3D&trk=flagship3_search_srp_jobs,3727542561
"Software Engineer with AI Tooling Expertise, Skyvera (Remote) - $200,000/year USD",https://www.linkedin.com/jobs/view/3727366938/?eBP=JOB_SEARCH_ORGANIC&refId=A6in9A%2BBionQcLa2VdJi1w%3D%3D&trackingId=7jkyD450hsoiFOcsIQgN8w%3D%3D&trk=flagship3_search_srp_jobs,3727366938
Sales Development Representative,https://www.linkedin.com/jobs/view/3726680162/?eBP=JOB_SEARCH_ORGANIC&refId=A6in9A%2BBionQcLa2VdJi1w%3D%3D&trackingId=EG6u2PmKex0qciq7MOgfAA%3D%3D&trk=flagship3_search_srp_jobs,3726680162
Senior Software Engineer,https://www.linkedin.com/jobs/view/3727518653/?eBP=JOB_SEARCH_ORGANIC&refId=A6in9A%2BBionQcLa2VdJi1w%3D%3D&trackingId=0Su%2BWqGKpXFm%2FxXBOFqY3A%3D%3D&trk=flagship3_search_srp_jobs,3727518653
Dotnet Developer,https://www.linkedin.com/jobs/view/3693921215/?eBP=JOB_SEARCH_ORGANIC&refId=A6in9A%2BBionQcLa2VdJi1w%3D%3D&trackingId=tI9JK2Z3d4E8ouPf3RkrNw%3D%3D&trk=flagship3_search_srp_jobs,3693921215
Vue Developer,https://www.linkedin.com/jobs/view/3727399468/?eBP=JOB_SEARCH_ORGANIC&refId=A6in9A%2BBionQcLa2VdJi1w%3D%3D&trackingId=GtTGh4E9h42cnL5%2BjkhJRA%3D%3D&trk=flagship3_search_srp_jobs,3727399468
"Software Engineer with AI Tooling Expertise, Skyvera (Remote) - $200,000/year USD",https://www.linkedin.com/jobs/view/3727370416/?eBP=JOB_SEARCH_ORGANIC&refId=A6in9A%2BBionQcLa2VdJi1w%3D%3D&trackingId=fVZnOX8JbAPgkdUGiaF34A%3D%3D&trk=flagship3_search_srp_jobs,3727370416
PHP Developer,https://www.linkedin.com/jobs/view/3727539497/?eBP=JOB_SEARCH_ORGANIC&refId=A6in9A%2BBionQcLa2VdJi1w%3D%3D&trackingId=CHYiJUz2Nv6w7rF4Onc56A%3D%3D&trk=flagship3_search_srp_jobs,3727539497
"Software Engineer with AI Tooling Expertise, Skyvera (Remote) - $200,000/year USD",https://www.linkedin.com/jobs/view/3727370414/?eBP=JOB_SEARCH_ORGANIC&refId=A6in9A%2BBionQcLa2VdJi1w%3D%3D&trackingId=Abyx8l5h8FacA2Qq9ky00g%3D%3D&trk=flagship3_search_srp_jobs,3727370414
Assistant Manager Technical Sales,https://www.linkedin.com/jobs/view/3727508822/?eBP=JOB_SEARCH_ORGANIC&refId=A6in9A%2BBionQcLa2VdJi1w%3D%3D&trackingId=cqMg3rof5O172oBnPYd9uw%3D%3D&trk=flagship3_search_srp_jobs,3727508822
5-10 yr Experienced professionals: biofuels engineer + Experienced SME supply chain manager + Sectoral researcher,https://www.linkedin.com/jobs/view/3727394723/?eBP=JOB_SEARCH_ORGANIC&refId=A6in9A%2BBionQcLa2VdJi1w%3D%3D&trackingId=ujuXuyJ8zRVFbQRHjTFvLA%3D%3D&trk=flagship3_search_srp_jobs,3727394723
Digital Content Creator and Video Presenter,https://www.linkedin.com/jobs/view/3727538965/?eBP=JOB_SEARCH_ORGANIC&refId=A6in9A%2BBionQcLa2VdJi1w%3D%3D&trackingId=hl0TJZnYbtnehZlAqUPAMg%3D%3D&trk=flagship3_search_srp_jobs,3727538965
Designer and Animator,https://www.linkedin.com/jobs/view/3727505861/?eBP=JOB_SEARCH_ORGANIC&refId=A6in9A%2BBionQcLa2VdJi1w%3D%3D&trackingId=%2FrAQWX1uxR3MI2bMsd3KYA%3D%3D&trk=flagship3_search_srp_jobs,3727505861
"Principal Engineer, Trilogy (Remote) - $100,000/year USD",https://www.linkedin.com/jobs/view/3727369752/?eBP=JOB_SEARCH_ORGANIC&refId=A6in9A%2BBionQcLa2VdJi1w%3D%3D&trackingId=V0uFIaCjRD16GPx804AFdQ%3D%3D&trk=flagship3_search_srp_jobs,3727369752
NetSuite Functional Consultant,https://www.linkedin.com/jobs/view/3726896682/?eBP=JOB_SEARCH_ORGANIC&refId=A6in9A%2BBionQcLa2VdJi1w%3D%3D&trackingId=8mh82Zi2v2HhfRz7jlKf2g%3D%3D&trk=flagship3_search_srp_jobs,3726896682
React Native Developer,https://www.linkedin.com/jobs/view/3727531252/?eBP=JOB_SEARCH_ORGANIC&refId=A6in9A%2BBionQcLa2VdJi1w%3D%3D&trackingId=5K12nMlRMuDQh9YjcHlKLg%3D%3D&trk=flagship3_search_srp_jobs,3727531252
Sales Manager,https://www.linkedin.com/jobs/view/3727068586/?eBP=JOB_SEARCH_ORGANIC&refId=A6in9A%2BBionQcLa2VdJi1w%3D%3D&trackingId=0rUe10uC3LoWeveJ%2FwJDCA%3D%3D&trk=flagship3_search_srp_jobs,3727068586
Technical Lead,https://www.linkedin.com/jobs/view/3727520777/?eBP=JOB_SEARCH_ORGANIC&refId=A6in9A%2BBionQcLa2VdJi1w%3D%3D&trackingId=jivK5N8%2FW%2BfzYxR2RuzhhA%3D%3D&trk=flagship3_search_srp_jobs,3727520777
Senior Video Editor,https://www.linkedin.com/jobs/view/3727374129/?eBP=JOB_SEARCH_ORGANIC&refId=tFsIMxonKyvYVviEYDWvYA%3D%3D&trackingId=yoFk4qXlob0kymkGj0SBxw%3D%3D&trk=flagship3_search_srp_jobs,3727374129
Character Artist,https://www.linkedin.com/jobs/view/3727514965/?eBP=JOB_SEARCH_ORGANIC&refId=tFsIMxonKyvYVviEYDWvYA%3D%3D&trackingId=9rB1G8BUAqGMgyczOHEPuA%3D%3D&trk=flagship3_search_srp_jobs,3727514965
Back End Developer,https://www.linkedin.com/jobs/view/3727546474/?eBP=JOB_SEARCH_ORGANIC&refId=tFsIMxonKyvYVviEYDWvYA%3D%3D&trackingId=tTJ88o%2BjkG0%2BkOA%2FdlNj8A%3D%3D&trk=flagship3_search_srp_jobs,3727546474
Senior Software Engineer - Node,https://www.linkedin.com/jobs/view/3727528338/?eBP=JOB_SEARCH_ORGANIC&refId=tFsIMxonKyvYVviEYDWvYA%3D%3D&trackingId=PuOczWpkSsnm2WpnNMTSYg%3D%3D&trk=flagship3_search_srp_jobs,3727528338
Sr. Angular Developer,https://www.linkedin.com/jobs/view/3727538433/?eBP=JOB_SEARCH_ORGANIC&refId=tFsIMxonKyvYVviEYDWvYA%3D%3D&trackingId=dbmymRH1U8ziJkm5tG3t6A%3D%3D&trk=flagship3_search_srp_jobs,3727538433
Lead Quality Assurance Engineer (Semi-Automation),https://www.linkedin.com/jobs/view/3728903119/?eBP=JOB_SEARCH_ORGANIC&refId=tFsIMxonKyvYVviEYDWvYA%3D%3D&trackingId=f3pdFO26rUMA%2FIgMYuh9zQ%3D%3D&trk=flagship3_search_srp_jobs,3728903119
3D Graphic Designer,https://www.linkedin.com/jobs/view/3727517736/?eBP=JOB_SEARCH_ORGANIC&refId=tFsIMxonKyvYVviEYDWvYA%3D%3D&trackingId=tWt650NLx2V8HA3gB6ZQzg%3D%3D&trk=flagship3_search_srp_jobs,3727517736
Senior API Developer,https://www.linkedin.com/jobs/view/3727525856/?eBP=JOB_SEARCH_ORGANIC&refId=tFsIMxonKyvYVviEYDWvYA%3D%3D&trackingId=2MH%2BCR1bich6Q6Zf5qZ4aA%3D%3D&trk=flagship3_search_srp_jobs,3727525856
"Senior Unity Developer, gt.school (Remote) - $100,000/year USD",https://www.linkedin.com/jobs/view/3727370584/?eBP=JOB_SEARCH_ORGANIC&refId=tFsIMxonKyvYVviEYDWvYA%3D%3D&trackingId=Zxz79HaDcaT3y5KdSeYv0w%3D%3D&trk=flagship3_search_srp_jobs,3727370584
Senior Back-End Engineer,https://www.linkedin.com/jobs/view/3726337377/?eBP=JOB_SEARCH_ORGANIC&refId=tFsIMxonKyvYVviEYDWvYA%3D%3D&trackingId=3Fk8DReHQk3cPkaiqWIvXQ%3D%3D&trk=flagship3_search_srp_jobs,3726337377
Wordpress Developer,https://www.linkedin.com/jobs/view/3727538551/?eBP=JOB_SEARCH_ORGANIC&refId=tFsIMxonKyvYVviEYDWvYA%3D%3D&trackingId=uVypuUJClmrbdMFD95KX3w%3D%3D&trk=flagship3_search_srp_jobs,3727538551
iOS Developer,https://www.linkedin.com/jobs/view/3727379089/?eBP=JOB_SEARCH_ORGANIC&refId=tFsIMxonKyvYVviEYDWvYA%3D%3D&trackingId=6mt1mAAlpRNsZGq07LMkXg%3D%3D&trk=flagship3_search_srp_jobs,3727379089
Senior React js Developer,https://www.linkedin.com/jobs/view/3727545051/?eBP=JOB_SEARCH_ORGANIC&refId=tFsIMxonKyvYVviEYDWvYA%3D%3D&trackingId=fshp0KQXEQF9r%2FDG71Ab1g%3D%3D&trk=flagship3_search_srp_jobs,3727545051
"Senior Mobile Developer, gt.school (Remote) - $100,000/year USD",https://www.linkedin.com/jobs/view/3727374014/?eBP=JOB_SEARCH_ORGANIC&refId=tFsIMxonKyvYVviEYDWvYA%3D%3D&trackingId=iKE6b513RHqmn8tLD%2F%2B5pA%3D%3D&trk=flagship3_search_srp_jobs,3727374014
Senior Dotnet Developer,https://www.linkedin.com/jobs/view/3727507074/?eBP=JOB_SEARCH_ORGANIC&refId=tFsIMxonKyvYVviEYDWvYA%3D%3D&trackingId=7NOxmFSpj8GjvTyG%2F9yt%2BQ%3D%3D&trk=flagship3_search_srp_jobs,3727507074
"Senior C++ Engineer, Trilogy (Remote) - $200,000/year USD",https://www.linkedin.com/jobs/view/3727372131/?eBP=JOB_SEARCH_ORGANIC&refId=tFsIMxonKyvYVviEYDWvYA%3D%3D&trackingId=BG%2B3hEYgkfPRQt8jIr%2F9kw%3D%3D&trk=flagship3_search_srp_jobs,3727372131
"Senior C++ Software Engineer, Trilogy (Remote) - $200,000/year USD",https://www.linkedin.com/jobs/view/3727366981/?eBP=JOB_SEARCH_ORGANIC&refId=tFsIMxonKyvYVviEYDWvYA%3D%3D&trackingId=BHuEMCpUtRrcMPgd0URa3g%3D%3D&trk=flagship3_search_srp_jobs,3727366981
"Mobile Application Developer (iOS, Swift), gt.school (Remote) - $100,000/year USD",https://www.linkedin.com/jobs/view/3727367796/?eBP=JOB_SEARCH_ORGANIC&refId=tFsIMxonKyvYVviEYDWvYA%3D%3D&trackingId=TuD8RA9uCQ3Xc8GLQ%2FZi%2FQ%3D%3D&trk=flagship3_search_srp_jobs,3727367796
Senior Dotnet Developer,https://www.linkedin.com/jobs/view/3727394490/?eBP=JOB_SEARCH_ORGANIC&refId=tFsIMxonKyvYVviEYDWvYA%3D%3D&trackingId=t6kQ1Tm7bVFoM5R35CK%2BrA%3D%3D&trk=flagship3_search_srp_jobs,3727394490
Senior Graphic designer - Onsite,https://www.linkedin.com/jobs/view/3727562742/?eBP=JOB_SEARCH_ORGANIC&refId=YuUJH9d1%2Fd%2FopkkM1bsFSQ%3D%3D&trackingId=eT4EV69PXHzHuYe9dN6gPw%3D%3D&trk=flagship3_search_srp_jobs,3727562742
Senior Dotnet Developer,https://www.linkedin.com/jobs/view/3727380714/?eBP=JOB_SEARCH_ORGANIC&refId=YuUJH9d1%2Fd%2FopkkM1bsFSQ%3D%3D&trackingId=vmK9yDaMsOjZshrrQF26BA%3D%3D&trk=flagship3_search_srp_jobs,3727380714
Senior PHP Developer,https://www.linkedin.com/jobs/view/3727519961/?eBP=JOB_SEARCH_ORGANIC&refId=YuUJH9d1%2Fd%2FopkkM1bsFSQ%3D%3D&trackingId=rHZQ6RHFjaz1opibspQH0w%3D%3D&trk=flagship3_search_srp_jobs,3727519961
"iOS Developer, gt.school (Remote) - $100,000/year USD",https://www.linkedin.com/jobs/view/3727370543/?eBP=JOB_SEARCH_ORGANIC&refId=YuUJH9d1%2Fd%2FopkkM1bsFSQ%3D%3D&trackingId=Trb9BiZUaMS4iHxIgqr9ZA%3D%3D&trk=flagship3_search_srp_jobs,3727370543
Senior Manager Medical Affairs,https://www.linkedin.com/jobs/view/3728794355/?eBP=JOB_SEARCH_ORGANIC&refId=YuUJH9d1%2Fd%2FopkkM1bsFSQ%3D%3D&trackingId=t5Zva0YGoBsmu4ryrBVO5A%3D%3D&trk=flagship3_search_srp_jobs,3728794355
"iOS Developer, gt.school (Remote) - $100,000/year USD",https://www.linkedin.com/jobs/view/3727369745/?eBP=JOB_SEARCH_ORGANIC&refId=YuUJH9d1%2Fd%2FopkkM1bsFSQ%3D%3D&trackingId=BBM8slueViusnLantd8gxg%3D%3D&trk=flagship3_search_srp_jobs,3727369745
Wordpress/PHP Developer With React.js,https://www.linkedin.com/jobs/view/3727518636/?eBP=JOB_SEARCH_ORGANIC&refId=YuUJH9d1%2Fd%2FopkkM1bsFSQ%3D%3D&trackingId=STEjuRaNmbsvQEovi%2BMg3Q%3D%3D&trk=flagship3_search_srp_jobs,3727518636
Senior Mobile Engineer,https://www.linkedin.com/jobs/view/3726341069/?eBP=JOB_SEARCH_ORGANIC&refId=YuUJH9d1%2Fd%2FopkkM1bsFSQ%3D%3D&trackingId=h%2FU3LOeXPw5aGEJtpk8eLA%3D%3D&trk=flagship3_search_srp_jobs,3726341069
Senior Dotnet Developer,https://www.linkedin.com/jobs/view/3727398144/?eBP=JOB_SEARCH_ORGANIC&refId=YuUJH9d1%2Fd%2FopkkM1bsFSQ%3D%3D&trackingId=rCWBBRtJgGN0LbDGiaUClg%3D%3D&trk=flagship3_search_srp_jobs,3727398144
Senior MEAN/MERN Developer,https://www.linkedin.com/jobs/view/3727507538/?eBP=JOB_SEARCH_ORGANIC&refId=YuUJH9d1%2Fd%2FopkkM1bsFSQ%3D%3D&trackingId=y1FSCloVOunC75JBNbgg4Q%3D%3D&trk=flagship3_search_srp_jobs,3727507538
Senior 3D Artist,https://www.linkedin.com/jobs/view/3727502311/?eBP=JOB_SEARCH_ORGANIC&refId=YuUJH9d1%2Fd%2FopkkM1bsFSQ%3D%3D&trackingId=TcxsEhXdUX400FxcgZqH8g%3D%3D&trk=flagship3_search_srp_jobs,3727502311
Cardiac Catheterization Laboratory Technologist,https://www.linkedin.com/jobs/view/3727372921/?eBP=JOB_SEARCH_ORGANIC&refId=YuUJH9d1%2Fd%2FopkkM1bsFSQ%3D%3D&trackingId=dJ22Vf4ZU1IrNiNRysgpoA%3D%3D&trk=flagship3_search_srp_jobs,3727372921
Sr. Storyboard Artist,https://www.linkedin.com/jobs/view/3727544393/?eBP=JOB_SEARCH_ORGANIC&refId=YuUJH9d1%2Fd%2FopkkM1bsFSQ%3D%3D&trackingId=agq0PQyBk4Gb15AvSQAfDw%3D%3D&trk=flagship3_search_srp_jobs,3727544393
